KOR,MATH,GRADE
60,23,B
21,66,B
33,35,C
32,75,B
18,56,C
59,32,B
49,23,C
77,87,A
97,97,A
61,15,C
42,38,B
21,13,C
67,22,B
25,46,C
59,21,B
21,15,C
81,76,A
80,26,B
30,58,B
28,46,C
95,79,A
55,66,B
67,46,B
65,48,B
15,97,B
29,72,B
54,19,C
28,23,C
53,17,C
12,53,C
89,35,B
89,22,B
40,59,B
16,13,C
41,83,B
31,76,B
92,38,B
59,39,B
76,43,B
73,28,B
99,73,A
23,53,C
13,77,B
46,58,B
40,77,B
98,56,A
35,18,C
12,27,C
83,43,B
49,43,B
34,81,B
40,31,C
12,54,C
78,29,B
100,58,A
30,39,C
63,60,B
49,42,B
86,63,A
36,11,C
75,76,A
37,91,B
42,30,C
91,22,B
97,46,A
43,25,C
10,64,C
64,78,A
62,91,A
72,81,A
90,92,A
21,83,B
26,73,B
70,45,B
27,61,B
66,68,B
13,35,C
64,81,A
94,53,A
14,50,C
71,66,B
39,50,B
64,58,B
83,21,B
17,29,C
11,17,C
69,22,B
34,55,B
76,35,B
63,57,B
41,33,C
65,58,B
26,10,C
90,23,B
46,49,B
37,79,B
10,59,C
93,89,A
24,39,C
66,53,B
31,89,B
95,43,B
23,74,B
89,48,B
92,95,A
83,65,A
10,44,C
68,70,B
42,97,B
59,36,B
64,27,B
10,34,C
88,50,B
57,47,B
16,20,C
97,72,A
56,94,A
16,74,B
64,74,B
15,77,B
68,54,B
29,97,B
86,16,B
83,70,A
100,59,A
18,23,C
90,46,B
73,97,A
85,48,B
66,54,B
86,31,B
20,49,C
47,66,B
35,59,B
69,71,A
53,86,B
90,47,B
11,51,C
54,45,B
76,40,B
46,95,A
18,76,B
74,80,A
50,85,B
11,82,B
17,56,C
74,54,B
20,66,B
19,42,C
26,14,C
68,58,B
87,13,B
85,94,A
84,33,B
37,38,C
60,13,C
75,22,B
99,100,A
58,22,B
71,19,B
94,28,B
98,68,A
96,16,B
58,90,A
96,62,A
66,76,A
36,76,B
59,74,B
51,54,B
48,23,C
41,75,B
45,68,B
68,94,A
18,81,B
18,95,B
12,74,B
88,81,A
62,99,A
89,10,B
36,44,B
69,88,A
44,34,C
79,29,B
42,33,C
78,36,B
76,84,A
30,25,C
35,73,B
28,18,C
64,16,B
34,72,B
56,58,B
30,100,B
69,91,A
61,85,A
36,14,C
11,46,C
78,90,A
76,51,B
36,65,B
69,15,B
17,60,C
59,100,A
79,57,B
32,65,B
86,86,A
73,99,A
99,17,B
100,95,A
19,62,B
56,12,C
30,84,B
19,39,C
23,48,C
82,72,A
66,47,B
18,56,C
42,75,B
100,31,B
40,79,B
59,94,A
60,71,B
88,12,B
43,79,B
56,76,B
84,64,A
17,88,B
91,38,B
92,82,A
48,64,B
92,83,A
23,62,B
64,28,B
17,93,B
87,87,A
30,97,B
85,87,A
78,37,B
43,82,B
62,100,A
12,50,C
58,70,B
44,55,B
80,12,B
21,71,B
31,44,C
55,100,A
82,11,B
43,44,B
54,83,B
35,41,C
20,24,C
32,99,B
43,50,B
12,67,C
75,36,B
49,47,B
26,91,B
62,80,A
38,38,C
28,38,C
56,53,B
98,97,A
30,34,C
88,23,B
46,67,B
63,15,C
10,64,C
54,20,C
88,80,A
27,69,B
17,12,C
24,71,B
84,70,A
85,50,B
39,35,C
76,62,B
48,56,B
35,38,C
84,21,B
94,35,B
98,65,A
77,91,A
53,90,A
56,10,C
97,43,A
60,82,A
76,44,B
71,97,A
48,61,B
38,22,C
39,25,C
72,75,A
30,98,B
50,87,B
58,91,A
19,38,C
47,54,B
95,94,A
13,78,B
82,44,B
20,76,B
85,58,A
43,25,C
26,76,B
43,46,B
28,65,B
87,11,B
26,85,B
20,84,B
98,60,A
91,75,A
15,85,B
40,93,B
53,56,B
28,51,C
65,84,A
15,68,B
40,70,B
35,21,C
59,87,A
28,40,C
65,89,A
38,23,C
73,49,B
40,65,B
52,79,B
88,11,B
12,82,B
53,55,B
11,61,C
50,43,B
96,98,A
94,21,B
36,87,B
73,57,B
25,19,C
91,21,B
33,13,C
45,75,B
35,25,C
26,35,C
48,92,A
19,52,C
74,81,A
55,80,B
95,20,B
37,45,B
74,16,B
41,45,B
20,62,B
41,48,B
12,61,C
13,70,B
85,52,B
28,89,B
90,32,B
38,80,B
65,85,A
25,19,C
44,16,C
58,64,B
59,33,B
40,86,B
75,70,A
68,21,B
62,55,B
94,81,A
25,82,B
77,24,B
10,16,C
20,84,B
29,22,C
18,33,C
15,92,B
71,69,A
11,42,C
88,46,B
63,53,B
79,77,A
21,80,B
89,12,B
54,47,B
36,27,C
91,91,A
66,30,B
16,59,C
50,84,B
82,22,B
74,51,B
21,34,C
21,83,B
17,53,C
47,98,A
58,52,B
17,34,C
77,16,B
42,84,B
43,88,B
62,45,B
48,77,B
27,81,B
91,51,A
26,56,B
24,13,C
70,18,B
95,22,B
15,64,C
52,70,B
37,18,C
53,11,C
50,20,C
57,27,B
98,66,A
91,74,A
25,61,B
19,100,B
49,94,A
38,63,B
49,88,B
57,72,B
10,38,C
34,29,C
98,47,A
95,52,A
88,64,A
38,90,B
81,72,A
89,67,A
48,55,B
50,54,B
76,45,B
61,68,B
45,65,B
91,58,A
85,76,A
23,55,C
83,18,B
69,33,B
44,11,C
20,21,C
38,80,B
96,10,B
98,18,B
83,51,B
48,88,B
26,49,C
33,21,C
84,74,A
50,15,C
48,75,B
75,72,A
48,16,C
66,87,A
19,57,C
23,72,B
26,52,C
52,91,A
75,10,B
71,24,B
94,41,B
36,78,B
43,61,B
22,36,C
43,69,B
36,11,C
32,71,B
98,98,A
72,26,B
18,76,B
94,42,B
10,57,C
25,81,B
76,26,B
75,15,B
81,22,B
49,16,C
60,21,B
62,20,B
77,51,B
49,18,C
23,27,C
47,52,B
81,64,A
18,79,B
29,58,B
14,16,C
31,58,B
53,96,A
89,49,B
52,17,C
73,52,B
100,92,A
97,53,A
79,77,A
27,18,C
46,50,B
38,23,C
53,79,B
51,96,A
29,32,C
34,14,C
71,51,B
43,53,B
81,94,A
70,15,B
40,70,B
24,22,C
60,68,B
50,28,C
81,44,B
88,65,A
33,86,B
100,52,A
76,38,B
38,22,C
75,20,B
55,63,B
26,14,C
15,35,C
54,29,B
19,25,C
36,74,B
56,70,B
70,17,B
17,48,C
75,96,A
54,25,C
72,10,B
22,19,C
33,77,B
69,72,A
24,96,B
33,69,B
51,80,B
89,35,B
20,68,B
32,27,C
30,93,B
65,44,B
57,67,B
14,30,C
26,93,B
44,46,B
90,36,B
48,71,B
74,93,A
10,32,C
18,10,C
93,97,A
46,36,B
73,24,B
100,14,B
22,24,C
74,93,A
79,47,B
24,37,C
65,100,A
35,74,B
32,92,B
48,48,B
84,77,A
10,45,C
90,86,A
48,75,B
56,63,B
21,11,C
30,21,C
90,69,A
37,54,B
61,68,B
11,71,B
51,61,B
97,51,A
68,19,B
59,12,C
65,79,A
45,62,B
65,37,B
47,90,B
16,36,C
80,12,B
74,48,B
67,60,B
94,15,B
63,28,B
84,76,A
91,50,A
66,80,A
94,33,B
98,50,A
71,14,B
77,61,B
27,84,B
99,67,A
41,81,B
98,64,A
90,33,B
66,51,B
60,93,A
69,32,B
86,42,B
48,67,B
53,91,A
87,51,B
71,51,B
72,62,B
17,47,C
97,85,A
73,48,B
10,49,C
24,77,B
79,16,B
29,11,C
100,94,A
89,26,B
45,20,C
60,10,C
74,41,B
37,72,B
10,54,C
62,38,B
49,13,C
77,14,B
41,45,B
93,42,B
79,42,B
17,88,B
25,50,C
40,30,C
76,46,B
41,80,B
45,89,B
51,95,A
69,96,A
98,59,A
97,42,B
22,34,C
92,37,B
64,38,B
38,32,C
99,77,A
33,18,C
46,90,B
39,58,B
78,60,B
17,69,B
20,51,C
27,63,B
17,99,B
76,74,A
17,20,C
29,81,B
89,30,B
94,66,A
76,83,A
35,23,C
43,54,B
15,40,C
100,87,A
18,93,B
91,67,A
46,74,B
25,34,C
25,68,B
53,26,C
88,16,B
97,52,A
36,50,B
97,28,B
10,47,C
80,92,A
36,82,B
34,77,B
55,45,B
64,56,B
32,11,C
61,32,B
95,11,B
99,12,B
61,18,C
84,65,A
94,77,A
98,33,B
73,29,B
17,87,B
99,50,A
95,60,A
46,14,C
60,12,C
21,64,B
81,82,A
96,26,B
66,65,B
42,45,B
33,75,B
96,44,A
61,46,B
85,97,A
24,54,C
67,40,B
46,95,A
71,16,B
69,63,B
81,94,A
83,79,A
47,91,B
96,27,B
20,23,C
18,70,B
17,37,C
54,43,B
70,96,A
25,32,C
74,94,A
64,39,B
37,76,B
43,79,B
66,51,B
95,36,B
72,54,B
10,43,C
92,35,B
58,73,B
29,47,C
44,26,C
30,21,C
90,71,A
73,66,B
91,92,A
69,82,A
92,46,B
82,32,B
81,15,B
83,38,B
91,87,A
12,78,B
46,98,A
90,14,B
31,88,B
28,95,B
97,84,A
76,72,A
79,37,B
75,56,B
36,29,C
47,45,B
83,17,B
46,98,A
37,71,B
10,78,B
32,51,B
92,80,A
75,96,A
55,43,B
94,19,B
93,96,A
49,77,B
26,66,B
40,13,C
76,72,A
40,69,B
23,97,B
29,94,B
48,94,A
46,89,B
100,28,B
29,97,B
80,17,B
41,67,B
40,47,B
73,32,B
51,89,A
16,92,B
65,74,B
74,79,A
37,56,B
96,66,A
42,78,B
41,63,B
15,78,B
61,76,B
81,16,B
64,46,B
55,93,A
21,57,C
77,71,A
16,91,B
33,75,B
24,26,C
92,76,A
84,99,A
41,97,B
57,100,A
37,81,B
89,19,B
62,52,B
19,82,B
58,34,B
28,46,C
83,53,B
48,72,B
24,17,C
47,51,B
28,19,C
77,33,B
43,52,B
100,19,B
49,39,B
21,70,B
27,37,C
35,26,C
86,44,B
23,17,C
22,43,C
75,31,B
46,50,B
84,40,B
30,47,C
64,51,B
18,13,C
65,99,A
34,79,B
83,25,B
21,51,C
12,28,C
31,41,C
87,42,B
29,12,C
17,43,C
10,67,C
31,60,B
38,12,C
26,91,B
12,50,C
76,94,A
70,85,A
94,28,B
59,85,A
13,46,C
55,12,C
23,43,C
48,61,B
98,25,B
42,59,B
35,73,B
45,17,C
56,39,B
38,66,B
31,48,C
92,29,B
47,64,B
81,58,B
17,47,C
47,19,C
31,19,C
48,81,B
80,16,B
36,19,C
56,27,B
58,92,A
51,73,B
87,36,B
78,89,A
47,52,B
46,61,B
100,67,A
88,28,B
94,58,A
68,19,B
31,100,B
10,12,C
77,43,B
20,68,B
47,86,B
93,60,A
24,96,B
31,87,B
29,43,C
27,98,B
30,85,B
93,92,A
45,38,B
26,15,C
22,88,B
79,39,B
31,33,C
16,60,C
53,81,B
28,28,C
40,62,B
96,17,B
27,14,C
62,56,B
20,46,C
69,46,B
70,95,A
12,42,C
68,10,C
49,96,A
49,21,C
48,58,B
75,82,A
53,34,B
86,60,A
45,93,B
21,86,B
69,76,A
15,14,C
37,95,B
31,84,B
26,75,B
62,61,B
84,68,A
53,33,B
34,97,B
76,33,B
26,31,C
46,65,B
32,21,C
96,73,A
64,58,B
63,40,B
90,52,A
23,79,B
54,84,B
74,67,A
73,79,A
21,58,C
31,18,C
13,74,B
20,54,C
56,93,A
20,85,B
82,94,A
28,38,C
14,88,B
43,69,B
67,74,A
81,22,B
96,76,A
85,65,A
54,70,B
63,75,B
92,60,A
25,27,C
58,76,B
70,19,B
39,43,B
33,18,C
48,93,A
18,23,C
57,42,B
74,69,A
76,47,B
93,99,A
91,16,B
69,70,B
39,84,B
91,62,A
11,32,C
32,53,B
84,11,B
76,90,A
15,13,C
77,81,A
50,75,B
28,38,C
75,50,B
58,69,B
75,81,A
21,61,B
52,37,B
98,82,A
54,90,A
71,84,A
89,94,A
56,46,B
90,30,B
60,29,B
25,65,B
100,74,A
92,72,A
88,52,A
93,89,A
73,79,A
100,84,A
74,12,B
28,42,C
37,14,C
55,67,B
13,95,B
68,26,B
96,88,A
61,69,B
65,75,A
25,37,C
34,20,C
91,11,B
41,15,C
74,16,B
51,34,B
66,70,B
91,67,A
78,85,A
13,30,C
71,12,B
57,40,B
56,31,B
20,44,C
78,20,B
29,76,B
67,15,B
44,100,A
98,18,B
57,18,C
31,87,B
41,86,B
77,20,B
68,77,A
26,26,C
49,61,B
68,61,B
84,90,A
13,85,B
19,65,B
96,84,A
91,50,A
31,22,C
65,99,A
33,57,B
92,60,A
27,97,B
25,78,B
83,10,B
78,87,A
36,78,B
71,100,A
73,37,B
47,70,B
43,88,B
84,98,A
21,13,C
23,48,C
35,84,B
69,93,A
24,84,B
90,76,A
80,71,A
14,100,B
63,91,A
18,85,B
77,46,B
72,77,A
62,54,B
47,22,C
71,86,A
11,60,C
54,94,A
80,75,A
80,41,B
66,31,B
42,13,C
75,38,B
58,90,A
21,17,C
18,28,C
67,27,B
11,26,C
17,33,C
33,90,B
26,54,B
20,44,C
33,11,C
83,51,B
51,16,C
63,42,B
32,43,C
14,36,C
77,23,B
19,77,B
21,43,C
43,29,C
22,96,B
47,98,A
69,70,B
98,59,A
13,10,C
70,75,A
96,95,A
78,11,B
28,89,B
12,59,C
57,75,B
85,91,A
60,54,B
19,19,C
54,31,B
25,94,B
94,10,B
96,61,A
53,41,B
29,86,B
15,59,C
66,54,B
41,15,C
45,66,B
31,21,C
71,28,B
62,50,B
46,12,C
61,51,B
25,94,B
24,61,B
70,20,B
20,76,B
14,75,B
38,16,C
80,45,B
99,39,B
18,81,B
56,93,A
27,90,B
86,49,B
15,44,C
41,90,B
57,23,B
38,34,C
82,10,B
44,75,B
56,65,B
30,77,B
79,42,B
20,75,B
58,67,B
20,65,B
50,64,B
41,19,C
30,97,B
14,59,C
100,76,A
72,88,A
91,20,B
65,57,B
77,66,A
24,53,C
54,81,B
41,76,B
71,43,B
16,52,C
60,41,B
78,37,B
85,20,B
100,39,B
62,32,B
44,47,B
60,18,C
65,58,B
94,37,B
35,92,B
56,18,C
15,88,B
53,87,A
28,77,B
29,15,C
74,68,A
52,45,B
72,45,B
19,73,B
78,12,B
56,31,B
76,93,A
43,56,B
70,52,B
88,76,A
58,31,B
95,90,A
83,40,B
85,48,B
16,87,B
28,85,B
53,100,A
42,34,C
70,19,B
16,14,C
41,19,C
19,26,C
57,73,B
85,63,A
71,14,B
10,54,C
30,19,C
48,79,B
50,39,B
11,49,C
96,43,B
50,50,B
39,86,B
30,11,C
64,22,B
10,42,C
79,96,A
92,70,A
56,32,B
45,72,B
18,72,B
75,73,A
61,63,B
41,42,B
26,12,C
62,88,A
57,20,C
53,87,A
87,69,A
97,98,A
34,70,B
99,61,A
61,60,B
52,16,C
81,44,B
13,87,B
53,95,A
91,37,B
46,25,C
37,85,B
23,28,C
59,52,B
91,73,A
67,44,B
58,44,B
17,85,B
77,62,B
18,80,B
37,95,B
31,15,C
62,54,B
87,57,A
24,79,B
17,19,C
76,45,B
43,89,B
79,66,A
24,36,C
28,79,B
41,58,B
43,43,B
71,50,B
39,65,B
72,48,B
55,27,B
42,48,B
28,14,C
62,83,A
94,90,A
15,13,C
21,27,C
56,26,B
86,97,A
76,12,B
45,12,C
87,73,A
42,78,B
31,27,C
86,22,B
75,28,B
20,90,B
72,50,B
56,63,B
91,96,A
80,19,B
68,81,A
80,13,B
28,52,B
82,66,A
93,91,A
47,48,B
64,81,A
46,34,B
18,65,B
70,78,A
57,34,B
38,70,B
36,47,B
50,16,C
39,54,B
41,49,B
32,38,C
40,56,B
56,45,B
54,27,B
99,47,A
99,34,B
36,81,B
90,83,A
47,72,B
84,66,A
62,88,A
81,18,B
71,53,B
27,53,B
73,38,B
76,53,B
85,22,B
43,73,B
85,31,B
56,57,B
83,32,B
33,12,C
81,17,B
17,49,C
76,55,B
16,18,C
68,38,B
77,33,B
62,68,B
85,46,B
75,28,B
44,56,B
75,84,A
76,94,A
22,52,C
71,35,B
100,80,A
71,88,A
72,61,B
94,64,A
79,59,B
65,20,B
24,67,B
26,25,C
45,63,B
99,33,B
62,97,A
30,49,C
44,14,C
44,70,B
24,100,B
30,20,C
68,63,B
77,76,A
45,98,A
99,53,A
53,84,B
17,47,C
55,34,B
50,89,B
57,16,C
76,60,B
66,55,B
11,74,B
90,42,B
39,34,C
66,23,B
58,45,B
75,17,B
56,85,A
58,67,B
67,25,B
21,92,B
27,14,C
12,60,C
16,64,B
90,93,A
17,45,C
14,11,C
92,61,A
44,67,B
29,37,C
54,14,C
84,41,B
29,70,B
60,57,B
26,27,C
12,61,C
67,75,A
14,31,C
85,97,A
33,72,B
35,34,C
37,63,B
84,18,B
77,41,B
39,55,B
86,97,A
85,64,A
79,34,B
51,75,B
69,71,A
22,25,C
64,32,B
35,66,B
24,18,C
46,72,B
78,55,B
62,69,B
48,41,B
58,83,A
22,98,B
99,89,A
55,87,A
31,73,B
85,39,B
72,71,A
67,80,A
26,23,C
68,35,B
60,88,A
71,12,B
23,42,C
62,80,A
49,51,B
63,62,B
44,17,C
58,28,B
27,54,B
46,67,B
61,42,B
58,70,B
10,20,C
20,66,B
100,93,A
29,27,C
29,37,C
92,66,A
78,82,A
19,92,B
53,52,B
91,23,B
93,71,A
36,18,C
71,51,B
89,58,A
13,82,B
53,42,B
28,53,B
76,11,B
39,42,B
68,44,B
78,65,A
69,45,B
14,61,C
82,64,A
13,83,B
70,11,B
37,70,B
23,99,B
93,26,B
78,31,B
51,19,C
100,34,B
62,30,B
51,69,B
81,69,A
14,64,C
33,92,B
29,95,B
44,25,C
85,26,B
77,85,A
16,52,C
42,33,C
50,11,C
63,36,B
92,69,A
34,22,C
80,99,A
31,63,B
42,52,B
89,96,A
93,63,A
90,37,B
22,72,B
70,77,A
10,52,C
76,94,A
35,92,B
91,64,A
88,24,B
57,97,A
95,52,A
62,60,B
79,35,B
37,66,B
15,44,C
54,81,B
26,27,C
27,43,C
95,47,A
74,38,B
51,84,B
88,17,B
75,80,A
67,28,B
46,16,C
87,19,B
48,72,B
89,76,A
97,16,B
95,21,B
52,73,B
51,70,B
78,84,A
22,23,C
46,90,B
30,23,C
93,68,A
37,66,B
43,49,B
49,73,B
28,43,C
87,57,A
82,89,A
68,33,B
60,24,B
49,27,C
86,46,B
75,39,B
38,100,B
32,36,C
46,95,A
54,55,B
62,74,B
22,99,B
42,65,B
11,39,C
16,68,B
15,31,C
83,28,B
29,63,B
26,59,B
50,66,B
80,36,B
47,78,B
52,87,B
10,32,C
52,62,B
97,63,A
88,40,B
65,64,B
71,94,A
32,87,B
44,65,B
98,97,A
22,38,C
85,42,B
66,92,A
91,17,B
37,95,B
13,84,B
14,20,C
85,34,B
57,49,B
61,32,B
54,71,B
32,33,C
53,56,B
11,45,C
20,62,B
37,43,B
27,31,C
66,42,B
83,93,A
75,61,B
11,63,C
17,13,C
22,48,C
25,52,C
63,49,B
63,88,A
99,50,A
55,14,C
96,44,A
74,77,A
81,22,B
58,73,B
18,27,C
33,74,B
94,26,B
75,77,A
100,64,A
43,46,B
62,41,B
45,95,A
53,12,C
37,11,C
23,59,B
95,10,B
74,10,B
49,21,C
43,80,B
32,21,C
56,44,B
87,95,A
41,87,B
13,57,C
73,70,A
36,49,B
36,59,B
70,80,A
55,13,C
77,51,B
20,62,B
71,89,A
41,53,B
32,74,B
74,66,A
50,11,C
32,91,B
58,76,B
43,41,B
95,44,B
50,59,B
47,27,C
96,97,A
91,95,A
70,17,B
32,45,C
32,53,B
73,98,A
78,36,B
38,65,B
15,14,C
32,53,B
36,54,B
85,56,A
14,50,C
44,98,A
44,11,C
27,83,B
85,69,A
84,69,A
89,19,B
80,77,A
66,26,B
45,31,C
48,92,A
45,42,B
10,98,B
67,61,B
91,89,A
86,42,B
32,50,B
36,96,B
93,100,A
78,96,A
96,68,A
56,98,A
47,62,B
47,86,B
88,93,A
96,82,A
18,52,C
37,67,B
84,70,A
62,92,A
15,32,C
15,17,C
76,74,A
43,87,B
58,75,B
49,62,B
54,21,C
45,100,A
87,79,A
45,45,B
90,75,A
78,16,B
78,54,B
75,86,A
80,35,B
28,72,B
52,55,B
26,15,C
73,92,A
44,13,C
96,69,A
58,25,B
18,67,B
72,67,B
37,42,C
30,77,B
52,95,A
96,30,B
76,65,A
56,79,B
71,24,B
92,18,B
11,31,C
72,13,B
37,14,C
81,49,B
48,98,A
25,56,B
25,87,B
77,79,A
57,16,C
29,41,C
29,21,C
69,40,B
41,70,B
53,81,B
78,63,A
42,62,B
91,28,B
67,47,B
46,56,B
29,10,C
13,26,C
81,52,B
90,33,B
15,38,C
97,80,A
85,92,A
26,91,B
92,64,A
46,41,B
73,76,A
54,14,C
100,14,B
25,70,B
78,67,A
100,10,B
48,19,C
44,26,C
87,73,A
97,34,B
29,47,C
64,42,B
68,76,A
87,75,A
35,84,B
52,89,A
96,14,B
84,16,B
94,96,A
77,46,B
16,42,C
93,28,B
56,64,B
82,90,A
36,39,C
21,89,B
45,96,A
55,33,B
39,94,B
85,69,A
33,39,C
74,50,B
65,71,B
75,32,B
53,36,B
91,84,A
79,25,B
22,93,B
77,70,A
86,12,B
61,26,B
37,85,B
38,17,C
59,75,B
14,71,B
86,62,A
13,75,B
26,88,B
56,46,B
83,34,B
76,41,B
27,78,B
37,46,B
62,67,B
15,84,B
41,67,B
76,51,B
54,71,B
93,31,B
64,87,A
36,89,B
28,37,C
73,40,B
77,83,A
72,29,B
98,44,A
42,12,C
50,20,C
39,88,B
50,91,A
27,33,C
46,44,B
99,70,A
93,38,B
65,31,B
30,100,B
40,89,B
40,51,B
34,36,C
45,53,B
42,68,B
88,48,B
42,88,B
81,64,A
20,34,C
52,64,B
99,88,A
56,35,B
93,33,B
75,34,B
22,10,C
20,18,C
43,45,B
84,11,B
19,11,C
27,66,B
40,95,B
59,42,B
62,88,A
75,59,B
38,65,B
73,55,B
38,20,C
71,75,A
80,35,B
27,86,B
14,77,B
68,72,A
30,43,C
39,100,B
20,77,B
100,47,A
65,58,B
70,72,A
48,54,B
51,58,B
22,76,B
41,34,C
70,54,B
10,87,B
98,56,A
44,83,B
42,51,B
43,29,C
13,22,C
79,98,A
89,43,B
46,82,B
92,62,A
22,91,B
18,50,C
13,30,C
62,67,B
80,94,A
33,76,B
83,99,A
29,49,C
34,26,C
21,60,B
25,69,B
40,26,C
94,15,B
95,45,A
72,78,A
82,34,B
19,82,B
37,12,C
76,45,B
60,20,B
18,39,C
32,68,B
53,79,B
21,52,C
96,78,A
96,84,A
49,43,B
25,44,C
87,51,B
90,32,B
99,94,A
67,86,A
51,38,B
99,54,A
78,67,A
80,38,B
43,39,B
37,45,B
15,76,B
66,86,A
94,41,B
76,52,B
59,30,B
64,100,A
96,24,B
43,44,B
70,52,B
62,96,A
44,68,B
26,72,B
99,15,B
68,50,B
82,80,A
99,61,A
14,63,C
64,33,B
97,51,A
80,91,A
15,49,C
56,88,A
71,84,A
44,99,A
28,18,C
32,13,C
98,86,A
82,32,B
24,83,B
15,74,B
57,16,C
92,11,B
36,50,B
60,11,C
71,36,B
91,95,A
19,98,B
31,44,C
65,74,B
85,34,B
65,84,A
81,15,B
37,45,B
76,44,B
34,79,B
67,72,B
66,37,B
39,10,C
23,85,B
98,25,B
72,84,A
61,63,B
69,71,A
41,98,B
68,96,A
88,68,A
40,93,B
11,68,C
67,24,B
23,79,B
77,59,B
57,59,B
84,77,A
55,96,A
11,50,C
98,53,A
88,100,A
70,80,A
47,100,A
77,33,B
89,13,B
42,14,C
99,43,A
51,39,B
75,74,A
37,11,C
19,18,C
46,44,B
29,38,C
74,63,B
23,36,C
67,15,B
63,11,C
91,73,A
65,62,B
38,29,C
85,70,A
76,83,A
80,92,A
28,36,C
35,37,C
37,57,B
61,68,B
36,91,B
19,98,B
99,12,B
65,68,B
14,51,C
52,41,B
85,79,A
37,52,B
98,96,A
37,73,B
24,47,C
100,44,A
36,20,C
86,59,A
28,77,B
89,61,A
23,56,C
38,26,C
36,58,B
51,12,C
11,18,C
58,27,B
16,83,B
44,21,C
27,79,B
95,32,B
99,65,A
66,49,B
52,47,B
93,43,B
89,26,B
62,82,A
89,71,A
85,16,B
60,18,C
81,59,A
24,37,C
97,62,A
27,79,B
11,77,B
41,72,B
54,53,B
21,68,B
50,99,A
59,28,B
48,21,C
55,77,B
16,93,B
56,37,B
49,27,C
45,23,C
89,80,A
76,35,B
48,52,B
15,47,C
38,92,B
57,18,C
35,100,B
26,26,C
21,62,B
99,30,B
19,87,B
54,72,B
75,69,A
90,43,B
40,21,C
100,25,B
78,34,B
56,19,C
86,31,B
61,51,B
79,70,A
12,91,B
60,30,B
61,14,C
25,71,B
32,28,C
70,86,A
49,32,B
56,72,B
44,65,B
45,70,B
73,70,A
100,21,B
36,11,C
29,46,C
29,68,B
68,19,B
67,70,B
17,98,B
57,37,B
23,70,B
99,61,A
47,24,C
11,44,C
46,28,C
64,96,A
10,75,B
58,84,A
41,54,B
89,84,A
69,84,A
53,84,B
36,48,B
70,93,A
51,42,B
39,34,C
69,76,A
48,59,B
92,52,A
87,47,B
100,47,A
66,15,B
24,32,C
25,45,C
26,90,B
32,99,B
30,48,C
23,73,B
11,94,B
86,22,B
50,96,A
98,93,A
20,98,B
78,86,A
47,58,B
11,82,B
63,87,A
13,50,C
58,90,A
94,72,A
20,100,B
65,46,B
29,95,B
85,21,B
93,18,B
99,61,A
47,76,B
41,11,C
82,10,B
82,98,A
98,99,A
34,66,B
61,68,B
64,61,B
63,25,B
88,70,A
58,94,A
43,76,B
85,48,B
12,65,C
19,48,C
25,35,C
63,61,B
77,40,B
67,65,B
46,64,B
99,51,A
70,79,A
21,65,B
79,67,A
22,71,B
65,34,B
96,69,A
100,46,A
98,53,A
98,54,A
65,55,B
50,21,C
80,96,A
75,12,B
87,19,B
79,18,B
93,30,B
73,90,A
40,98,B
26,48,C
11,57,C
53,63,B
36,88,B
32,52,B
99,99,A
67,38,B
28,49,C
37,15,C
24,42,C
65,87,A
94,17,B
65,39,B
83,30,B
41,99,A
84,83,A
75,60,B
37,74,B
39,93,B
33,27,C
23,47,C
47,92,B
85,25,B
88,74,A
14,11,C
66,90,A
82,75,A
57,61,B
55,23,C
15,16,C
74,29,B
98,65,A
56,93,A
23,53,C
32,47,C
100,74,A
82,60,A
12,26,C
69,20,B
20,34,C
38,28,C
39,58,B
92,82,A
53,66,B
100,62,A
88,62,A
49,83,B
30,10,C
76,19,B
82,51,B
84,82,A
63,16,C
55,44,B
76,56,B
78,26,B
65,75,A
41,31,C
12,72,B
49,74,B
12,49,C
100,48,A
100,26,B
36,96,B
98,71,A
68,36,B
64,65,B
62,23,B
30,19,C
98,78,A
28,14,C
10,68,C
21,41,C
20,97,B
54,45,B
58,10,C
18,19,C
99,50,A
57,88,A
16,19,C
59,14,C
92,45,B
50,28,C
65,79,A
46,39,B
88,21,B
77,10,B
21,46,C
85,69,A
24,10,C
77,28,B
23,83,B
19,32,C
76,80,A
26,87,B
79,98,A
61,92,A
75,37,B
86,37,B
70,37,B
43,97,A
40,11,C
41,58,B
41,85,B
81,19,B
54,21,C
62,66,B
74,19,B
10,34,C
57,48,B
92,51,A
82,27,B
59,57,B
76,20,B
40,35,C
29,29,C
42,90,B
10,31,C
44,83,B
61,18,C
65,78,A
35,12,C
96,76,A
29,29,C
29,47,C
76,75,A
97,68,A
65,92,A
48,80,B
32,82,B
43,66,B
65,57,B
60,17,C
86,34,B
59,80,B
63,28,B
77,27,B
45,78,B
74,29,B
47,41,B
90,100,A
69,42,B
48,89,B
63,71,B
15,18,C
96,79,A
13,53,C
45,76,B
36,35,C
10,73,B
52,46,B
67,24,B
93,85,A
62,34,B
79,79,A
50,36,B
20,51,C
29,61,B
62,39,B
30,34,C
95,40,B
75,83,A
91,25,B
12,58,C
12,45,C
91,51,A
59,94,A
97,85,A
38,82,B
60,93,A
55,12,C
11,73,B
94,25,B
73,74,A
42,11,C
37,61,B
51,24,C
23,16,C
80,45,B
88,84,A
40,35,C
84,92,A
87,71,A
32,18,C
53,62,B
19,86,B
52,93,A
67,82,A
66,17,B
99,97,A
22,45,C
19,99,B
97,26,B
68,96,A
41,84,B
16,28,C
39,82,B
37,25,C
64,16,B
47,34,B
99,28,B
31,26,C
80,17,B
27,82,B
19,90,B
45,76,B
53,60,B
21,65,B
30,16,C
84,76,A
24,54,C
11,59,C
40,13,C
39,20,C
75,34,B
83,68,A
91,41,B
90,27,B
43,77,B
95,28,B
94,55,A
72,83,A
38,13,C
33,67,B
97,52,A
19,76,B
14,68,B
60,86,A
70,60,B
22,49,C
90,47,B
64,53,B
69,79,A
53,86,B
49,48,B
58,42,B
92,94,A
56,99,A
50,92,A
71,26,B
82,98,A
91,15,B
61,33,B
38,12,C
50,45,B
43,60,B
78,27,B
94,42,B
47,94,A
26,65,B
100,25,B
44,74,B
92,71,A
52,33,B
63,80,A
78,61,B
10,80,B
74,67,A
70,15,B
100,17,B
84,91,A
88,70,A
45,56,B
34,38,C
61,65,B
14,74,B
63,43,B
77,50,B
49,33,B
85,33,B
56,70,B
28,88,B
38,70,B
36,24,C
58,73,B
34,32,C
97,37,B
10,51,C
91,93,A
29,100,B
37,10,C
45,43,B
47,62,B
55,78,B
38,87,B
57,47,B
36,10,C
64,52,B
83,34,B
85,18,B
75,42,B
41,98,B
41,16,C
65,36,B
21,49,C
59,68,B
30,88,B
66,82,A
55,13,C
41,41,B
47,45,B
47,97,A
73,34,B
28,34,C
91,93,A
29,11,C
74,25,B
50,75,B
46,19,C
63,34,B
37,84,B
35,76,B
23,20,C
83,52,B
81,66,A
22,17,C
56,52,B
78,98,A
59,92,A
87,72,A
49,23,C
43,27,C
39,28,C
48,71,B
24,89,B
50,40,B
92,27,B
53,93,A
80,29,B
36,15,C
38,64,B
10,32,C
59,13,C
33,53,B
100,63,A
89,64,A
98,70,A
20,37,C
55,60,B
34,99,B
77,32,B
87,79,A
34,25,C
73,43,B
13,18,C
55,24,C
20,95,B
51,49,B
73,27,B
85,76,A
58,90,A
20,74,B
70,14,B
70,63,B
51,58,B
56,60,B
52,23,C
81,49,B
38,94,B
91,75,A
67,64,B
77,65,A
68,45,B
69,82,A
51,85,B
33,29,C
27,51,C
65,43,B
29,22,C
29,73,B
26,38,C
65,21,B
82,60,A
88,74,A
54,48,B
86,23,B
31,78,B
49,88,B
25,40,C
50,19,C
33,99,B
29,23,C
61,62,B
93,52,A
27,41,C
55,14,C
29,52,B
31,30,C
11,97,B
15,24,C
91,11,B
68,22,B
23,64,B
19,70,B
95,34,B
98,84,A
85,81,A
99,52,A
12,76,B
60,47,B
64,10,C
61,42,B
28,57,B
32,66,B
93,58,A
84,61,A
53,25,C
55,33,B
67,76,A
82,18,B
28,92,B
79,20,B
33,22,C
16,79,B
40,26,C
62,74,B
68,81,A
68,17,B
73,40,B
19,96,B
30,14,C
65,54,B
84,77,A
51,88,B
27,51,C
40,86,B
24,26,C
22,23,C
22,50,C
95,96,A
88,86,A
64,85,A
31,13,C
10,99,B
57,47,B
52,97,A
29,32,C
80,41,B
19,84,B
46,74,B
15,70,B
90,88,A
64,13,C
68,64,B
67,11,C
39,32,C
14,45,C
23,89,B
78,69,A
78,59,B
56,68,B
76,68,A
39,30,C
59,57,B
91,64,A
51,77,B
85,15,B
37,76,B
49,31,B
29,37,C
43,18,C
95,75,A
72,93,A
12,42,C
64,67,B
26,88,B
91,61,A
36,99,B
26,36,C
51,49,B
24,56,B
13,94,B
49,76,B
20,76,B
45,20,C
19,65,B
31,57,B
45,17,C
100,31,B
49,73,B
38,88,B
54,79,B
88,95,A
75,50,B
86,14,B
45,83,B
66,56,B
33,59,B
97,44,A
13,23,C
85,54,B
72,21,B
92,16,B
39,71,B
91,95,A
38,97,B
87,95,A
80,44,B
80,87,A
97,53,A
83,82,A
43,92,B
31,27,C
76,56,B
100,99,A
53,44,B
79,33,B
36,32,C
21,17,C
65,36,B
59,26,B
71,70,A
54,99,A
34,49,B
42,82,B
13,17,C
42,77,B
78,15,B
94,43,B
82,31,B
58,87,A
43,47,B
63,54,B
90,64,A
29,41,C
22,15,C
34,82,B
24,67,B
44,84,B
57,23,B
86,59,A
32,13,C
47,64,B
97,87,A
62,46,B
55,94,A
60,90,A
58,10,C
25,47,C
32,17,C
14,31,C
18,48,C
53,71,B
84,18,B
12,36,C
39,41,B
60,63,B
10,55,C
72,24,B
14,99,B
100,81,A
20,61,B
68,84,A
57,30,B
22,19,C
14,59,C
57,11,C
11,65,C
55,30,B
16,44,C
88,77,A
11,87,B
31,60,B
39,19,C
30,35,C
27,67,B
50,86,B
54,16,C
22,27,C
52,36,B
12,61,C
88,31,B
60,56,B
80,59,B
57,99,A
34,75,B
86,73,A
41,14,C
12,17,C
45,34,C
81,31,B
87,14,B
74,71,A
17,49,C
90,49,B
21,26,C
35,27,C
74,30,B
21,79,B
36,72,B
38,42,B
100,69,A
91,31,B
21,94,B
25,88,B
46,17,C
31,29,C
88,74,A
31,65,B
91,44,B
78,24,B
68,89,A
91,55,A
49,27,C
36,14,C
71,26,B
82,56,B
50,89,B
25,19,C
40,39,C
25,63,B
72,89,A
97,63,A
56,75,B
16,45,C
81,53,B
58,49,B
35,79,B
31,91,B
45,37,B
27,31,C
17,34,C
19,70,B
61,51,B
76,88,A
27,89,B
44,56,B
41,51,B
95,28,B
55,84,B
95,54,A
99,74,A
52,19,C
43,35,C
14,40,C
59,28,B
96,23,B
12,79,B
88,54,A
17,53,C
60,57,B
97,35,B
93,61,A
66,98,A
98,34,B
46,68,B
77,83,A
91,22,B
14,32,C
76,13,B
39,65,B
51,28,C
48,65,B
37,23,C
98,77,A
73,33,B
55,61,B
94,63,A
96,41,B
14,10,C
44,88,B
85,58,A
84,13,B
47,50,B
76,43,B
21,13,C
68,13,B
52,90,A
29,38,C
38,22,C
50,85,B
98,12,B
28,84,B
20,34,C
73,72,A
38,58,B
32,28,C
59,46,B
26,91,B
86,61,A
74,48,B
52,24,C
74,93,A
42,41,B
87,91,A
86,17,B
71,29,B
43,48,B
17,30,C
26,71,B
40,84,B
96,75,A
34,32,C
94,13,B
11,48,C
99,83,A
28,69,B
34,54,B
77,66,A
22,30,C
40,85,B
94,94,A
15,17,C
39,66,B
23,100,B
62,90,A
84,88,A
31,62,B
96,22,B
56,66,B
23,49,C
89,90,A
62,18,B
74,95,A
43,29,C
47,95,A
18,32,C
52,57,B
98,12,B
16,64,B
30,11,C
36,88,B
56,60,B
53,62,B
85,20,B
36,27,C
94,60,A
17,52,C
86,99,A
71,81,A
18,38,C
73,69,A
77,12,B
63,33,B
91,49,A
38,80,B
25,10,C
48,100,A
71,96,A
51,82,B
64,88,A
42,36,C
67,43,B
61,81,A
79,68,A
83,12,B
90,82,A
77,54,B
37,32,C
14,66,B
88,98,A
85,68,A
35,20,C
11,18,C
31,59,B
89,38,B
19,87,B
36,35,C
65,48,B
49,70,B
72,23,B
36,67,B
72,36,B
32,13,C
43,58,B
83,53,B
93,76,A
36,98,B
61,47,B
75,86,A
86,80,A
91,79,A
34,53,B
12,49,C
23,45,C
69,59,B
16,64,B
44,55,B
97,43,A
47,37,B
34,94,B
62,92,A
81,94,A
34,25,C
87,85,A
96,87,A
44,53,B
49,23,C
87,36,B
64,24,B
32,98,B
100,50,A
40,54,B
49,53,B
39,16,C
71,54,B
63,94,A
46,38,B
31,87,B
21,81,B
51,70,B
79,42,B
92,79,A
49,94,A
28,66,B
13,91,B
54,52,B
40,47,B
78,92,A
64,20,B
29,92,B
34,77,B
83,13,B
17,59,C
11,94,B
94,19,B
84,57,A
29,63,B
60,55,B
95,29,B
55,32,B
67,72,B
48,38,B
94,45,B
70,84,A
18,68,B
77,30,B
24,62,B
83,83,A
44,52,B
56,82,B
91,59,A
61,13,C
95,26,B
80,56,B
79,90,A
77,11,B
69,49,B
23,99,B
43,76,B
94,64,A
42,54,B
85,73,A
72,39,B
87,72,A
69,64,B
40,27,C
82,32,B
16,82,B
77,44,B
55,61,B
34,50,B
40,93,B
87,94,A
19,37,C
21,90,B
21,37,C
37,90,B
88,87,A
15,97,B
69,52,B
17,41,C
97,59,A
13,94,B
81,57,B
19,43,C
61,66,B
40,83,B
84,14,B
92,63,A
64,77,A
86,98,A
78,25,B
88,74,A
35,21,C
46,66,B
27,54,B
24,57,B
55,84,B
14,59,C
69,65,B
52,32,B
100,70,A
78,13,B
48,75,B
85,47,B
97,98,A
78,41,B
11,31,C
26,29,C
18,36,C
81,29,B
98,49,A
40,74,B
45,10,C
70,58,B
17,27,C
48,37,B
25,64,B
17,68,B
77,27,B
25,88,B
26,56,B
66,60,B
67,82,A
51,100,A
30,86,B
20,35,C
69,38,B
55,53,B
28,37,C
41,42,B
82,28,B
23,56,C
69,59,B
81,44,B
53,89,A
23,25,C
73,67,A
86,77,A
51,73,B
31,10,C
47,44,B
91,66,A
28,11,C
92,16,B
94,13,B
12,92,B
51,87,B
76,19,B
48,12,C
44,68,B
69,71,A
86,49,B
12,17,C
27,16,C
86,59,A
31,11,C
55,47,B
49,50,B
75,100,A
42,75,B
63,48,B
15,28,C
50,49,B
46,61,B
22,89,B
68,78,A
69,19,B
16,77,B
13,31,C
46,82,B
22,74,B
79,100,A
95,27,B
51,18,C
27,84,B
11,12,C
77,37,B
72,84,A
91,87,A
26,93,B
14,84,B
46,55,B
75,49,B
93,58,A
24,39,C
46,47,B
11,10,C
33,26,C
10,42,C
87,44,B
57,26,B
27,73,B
75,57,B
62,44,B
85,79,A
68,96,A
75,75,A
72,59,B
72,41,B
66,84,A
30,89,B
94,91,A
66,38,B
95,62,A
47,95,A
66,30,B
61,87,A
52,37,B
19,54,C
94,80,A
81,51,B
12,11,C
91,76,A
45,97,A
92,38,B
41,36,C
14,23,C
90,64,A
47,77,B
86,11,B
38,71,B
77,17,B
10,44,C
45,62,B
42,72,B
77,100,A
98,65,A
35,61,B
67,90,A
49,10,C
64,96,A
73,88,A
85,83,A
80,47,B
54,51,B
78,76,A
92,61,A
79,49,B
65,10,C
47,14,C
88,10,B
14,54,C
31,43,C
47,52,B
49,34,B
92,11,B
42,60,B
37,57,B
21,98,B
69,34,B
17,29,C
20,24,C
56,32,B
19,33,C
45,68,B
56,76,B
25,97,B
14,28,C
100,10,B
57,18,C
89,100,A
60,95,A
22,24,C
29,77,B
42,15,C
18,89,B
61,36,B
88,31,B
25,100,B
99,73,A
38,42,B
56,46,B
90,80,A
39,81,B
13,21,C
19,69,B
92,48,A
55,90,A
68,98,A
10,66,C
75,41,B
99,18,B
60,88,A
19,80,B
35,88,B
89,72,A
47,94,A
80,27,B
74,18,B
33,94,B
100,42,A
92,29,B
71,81,A
65,72,B
10,22,C
26,27,C
34,64,B
22,17,C
56,99,A
40,15,C
50,10,C
83,22,B
53,55,B
39,85,B
17,94,B
94,46,A
55,59,B
87,86,A
20,24,C
45,24,C
55,91,A
49,15,C
30,85,B
14,10,C
13,58,C
80,69,A
27,20,C
55,98,A
72,11,B
87,62,A
87,19,B
75,95,A
31,10,C
12,66,C
32,55,B
19,68,B
93,98,A
28,25,C
16,35,C
14,73,B
23,58,B
76,14,B
87,80,A
50,69,B
50,87,B
77,92,A
71,23,B
42,96,B
19,38,C
89,27,B
68,92,A
38,43,B
54,42,B
26,56,B
10,33,C
55,23,C
100,36,B
95,33,B
33,59,B
25,14,C
57,27,B
46,86,B
55,70,B
28,66,B
74,47,B
54,84,B
50,30,B
68,61,B
50,96,A
62,40,B
75,72,A
20,55,C
36,59,B
98,16,B
56,54,B
33,99,B
71,73,A
67,47,B
31,72,B
74,68,A
81,47,B
64,24,B
10,36,C
23,69,B
47,53,B
99,13,B
18,33,C
99,61,A
86,79,A
73,12,B
35,17,C
74,63,B
95,62,A
36,78,B
59,30,B
58,86,A
72,100,A
39,50,B
87,88,A
48,100,A
65,27,B
77,35,B
73,53,B
81,28,B
71,12,B
72,81,A
99,29,B
83,11,B
77,65,A
66,90,A
24,65,B
93,43,B
73,73,A
64,57,B
80,49,B
69,19,B
94,59,A
89,87,A
52,65,B
41,60,B
84,97,A
98,11,B
65,41,B
45,64,B
38,15,C
34,17,C
87,42,B
100,56,A
98,35,B
74,37,B
65,27,B
40,30,C
94,68,A
34,20,C
35,17,C
68,80,A
44,19,C
38,78,B
57,17,C
61,54,B
41,79,B
52,98,A
91,52,A
17,86,B
45,84,B
59,74,B
74,29,B
80,70,A
76,41,B
31,98,B
70,75,A
45,29,C
76,34,B
95,12,B
80,45,B
41,64,B
81,78,A
25,30,C
18,41,C
43,85,B
37,50,B
56,44,B
26,42,C
92,45,B
63,54,B
15,68,B
19,55,C
74,40,B
46,74,B
30,17,C
17,96,B
99,72,A
15,59,C
57,50,B
56,100,A
11,62,C
10,52,C
68,78,A
15,61,C
12,97,B
24,60,B
86,18,B
32,49,B
54,10,C
50,38,B
29,31,C
40,85,B
21,21,C
11,63,C
47,99,A
29,39,C
49,85,B
40,25,C
14,69,B
26,74,B
82,78,A
63,26,B
95,20,B
66,32,B
46,55,B
58,26,B
43,66,B
20,71,B
29,89,B
45,58,B
19,10,C
10,27,C
62,23,B
47,16,C
92,43,B
45,93,B
28,73,B
33,97,B
45,70,B
51,75,B
48,16,C
33,76,B
50,96,A
96,66,A
32,40,C
44,46,B
63,39,B
66,81,A
84,47,B
19,91,B
51,20,C
37,98,B
32,10,C
58,79,B
49,90,B
41,29,C
17,92,B
22,11,C
97,62,A
24,86,B
94,80,A
37,70,B
40,93,B
74,86,A
60,92,A
38,20,C
10,73,B
46,63,B
93,77,A
49,36,B
52,69,B
24,84,B
12,24,C
92,32,B
24,16,C
37,44,B
71,84,A
52,90,A
26,90,B
80,94,A
61,85,A
42,43,B
90,79,A
39,75,B
94,33,B
36,53,B
28,68,B
81,63,A
68,38,B
49,77,B
81,39,B
54,91,A
28,31,C
12,13,C
58,33,B
12,65,C
28,89,B
35,41,C
70,35,B
67,87,A
37,49,B
95,54,A
75,97,A
58,73,B
48,10,C
44,88,B
35,33,C
56,24,B
98,84,A
47,83,B
81,26,B
47,35,B
60,80,A
56,68,B
42,33,C
41,76,B
22,83,B
40,10,C
92,10,B
47,38,B
34,65,B
93,68,A
39,45,B
66,94,A
54,98,A
34,58,B
52,96,A
73,95,A
54,97,A
37,40,C
54,85,B
19,81,B
14,26,C
23,73,B
21,74,B
10,58,C
40,51,B
19,97,B
85,93,A
93,86,A
49,80,B
98,38,B
90,83,A
27,97,B
55,55,B
13,42,C
14,34,C
96,94,A
93,28,B
34,31,C
23,87,B
37,42,C
63,18,B
70,65,B
69,13,B
96,69,A
80,18,B
62,89,A
28,15,C
15,80,B
13,23,C
87,39,B
56,59,B
50,69,B
33,28,C
31,21,C
89,10,B
100,77,A
83,33,B
10,54,C
53,18,C
95,87,A
39,30,C
39,81,B
85,57,A
42,16,C
93,46,B
42,76,B
52,53,B
64,32,B
18,25,C
40,94,B
38,70,B
75,77,A
19,91,B
63,37,B
21,54,C
80,58,B
28,91,B
77,65,A
14,82,B
89,41,B
78,25,B
49,95,A
24,100,B
80,67,A
22,68,B
16,23,C
87,28,B
78,65,A
100,42,A
55,70,B
10,60,C
54,56,B
26,27,C
24,74,B
13,63,C
21,16,C
16,11,C
68,16,B
57,49,B
23,61,B
58,28,B
95,80,A
28,10,C
81,87,A
36,36,C
69,99,A
55,13,C
40,78,B
46,26,C
30,66,B
66,11,C
36,56,B
39,20,C
77,100,A
26,13,C
44,75,B
100,81,A
39,91,B
62,81,A
57,46,B
50,59,B
64,63,B
30,21,C
58,59,B
58,50,B
32,88,B
92,55,A
29,91,B
17,64,B
23,14,C
29,39,C
22,25,C
61,79,A
44,19,C
24,39,C
85,13,B
78,12,B
38,72,B
84,20,B
49,95,A
90,71,A
84,16,B
45,55,B
60,97,A
52,74,B
60,66,B
93,53,A
53,20,C
13,75,B
66,62,B
78,14,B
53,13,C
62,89,A
11,19,C
17,67,B
90,60,A
98,85,A
33,36,C
82,37,B
93,15,B
78,21,B
90,78,A
16,10,C
28,84,B
32,24,C
15,95,B
85,55,A
86,16,B
30,30,C
45,38,B
41,30,C
24,20,C
88,52,A
13,56,C
16,100,B
40,52,B
96,97,A
65,51,B
93,13,B
44,79,B
13,30,C
33,33,C
82,90,A
66,36,B
91,86,A
74,17,B
37,24,C
98,65,A
79,72,A
43,37,B
64,54,B
91,15,B
23,76,B
56,21,C
15,95,B
70,73,A
55,70,B
100,71,A
20,90,B
87,48,B
38,67,B
66,58,B
54,98,A
26,76,B
50,87,B
25,76,B
79,75,A
14,64,C
90,99,A
81,47,B
23,27,C
78,30,B
56,37,B
42,19,C
95,32,B
55,54,B
90,12,B
88,92,A
47,97,A
73,94,A
77,54,B
78,77,A
65,47,B
75,63,B
95,37,B
35,72,B
34,59,B
50,46,B
72,20,B
37,14,C
98,49,A
23,18,C
63,16,C
79,57,B
97,30,B
96,47,A
42,42,B
20,22,C
87,66,A
24,22,C
42,73,B
56,90,A
12,23,C
82,50,B
87,94,A
93,63,A
32,93,B
54,24,C
71,46,B
58,30,B
24,27,C
60,80,A
61,84,A
74,25,B
50,86,B
61,86,A
88,36,B
39,66,B
98,93,A
88,60,A
67,41,B
30,43,C
50,13,C
42,76,B
64,72,B
36,71,B
37,56,B
75,28,B
17,86,B
70,48,B
51,58,B
90,25,B
83,37,B
10,63,C
81,37,B
49,34,B
11,33,C
17,59,C
38,33,C
19,71,B
25,66,B
14,13,C
11,96,B
39,52,B
61,59,B
50,20,C
95,39,B
62,38,B
74,70,A
30,98,B
74,61,B
51,22,C
18,79,B
64,98,A
11,64,C
70,93,A
15,96,B
18,99,B
93,82,A
28,89,B
72,36,B
14,86,B
52,27,C
83,65,A
79,46,B
51,11,C
44,12,C
28,89,B
73,84,A
48,79,B
43,20,C
61,99,A
39,67,B
57,97,A
96,73,A
54,22,C
34,74,B
62,57,B
81,43,B
64,56,B
63,99,A
54,48,B
54,50,B
68,73,A
78,66,A
44,77,B
30,65,B
76,69,A
65,66,B
14,34,C
74,67,A
77,44,B
30,37,C
95,55,A
74,86,A
25,31,C
35,38,C
41,12,C
34,48,B
38,51,B
87,26,B
26,44,C
80,90,A
41,96,B
33,15,C
62,52,B
43,34,C
90,71,A
15,95,B
27,92,B
51,98,A
31,17,C
96,32,B
97,91,A
88,58,A
72,11,B
81,21,B
15,19,C
28,92,B
10,94,B
38,15,C
80,40,B
80,55,B
75,27,B
70,82,A
35,32,C
68,80,A
44,30,C
33,37,C
66,64,B
11,91,B
53,41,B
91,54,A
93,33,B
95,17,B
32,59,B
87,41,B
11,98,B
81,95,A
99,69,A
85,76,A
23,56,C
20,71,B
55,87,A
18,33,C
61,86,A
33,51,B
70,82,A
45,20,C
63,85,A
49,96,A
30,60,B
84,20,B
41,44,B
35,26,C
78,74,A
16,53,C
20,23,C
71,50,B
86,19,B
31,21,C
63,71,B
92,83,A
31,65,B
55,42,B
91,96,A
11,44,C
80,40,B
59,49,B
90,78,A
84,94,A
52,47,B
56,13,C
11,41,C
74,11,B
35,89,B
77,67,A
15,82,B
83,66,A
99,58,A
60,20,B
57,31,B
42,22,C
78,72,A
35,29,C
98,20,B
72,91,A
32,40,C
34,13,C
85,100,A
24,25,C
16,94,B
27,70,B
45,13,C
60,54,B
18,36,C
12,75,B
71,20,B
33,85,B
43,89,B
28,55,B
66,17,B
92,33,B
80,71,A
49,18,C
15,98,B
92,55,A
92,69,A
50,61,B
49,31,B
55,38,B
62,14,C
35,82,B
13,52,C
45,44,B
15,35,C
38,88,B
13,50,C
86,88,A
80,72,A
20,71,B
77,64,A
95,72,A
95,92,A
77,66,A
86,38,B
44,31,C
14,25,C
53,19,C
46,21,C
91,33,B
83,44,B
18,47,C
17,34,C
96,18,B
86,15,B
77,45,B
61,22,B
87,20,B
33,47,B
22,26,C
84,57,A
35,77,B
44,57,B
18,37,C
55,21,C
33,47,B
74,25,B
47,97,A
56,99,A
49,37,B
18,50,C
35,49,B
80,59,B
96,76,A
14,64,C
34,39,C
87,92,A
31,14,C
50,35,B
71,79,A
81,65,A
21,36,C
83,46,B
50,100,A
95,88,A
19,39,C
61,91,A
18,50,C
11,30,C
12,62,C
42,74,B
61,62,B
59,51,B
24,46,C
64,84,A
33,97,B
27,13,C
48,77,B
91,31,B
32,14,C
78,60,B
27,12,C
79,72,A
48,30,C
59,31,B
49,10,C
48,15,C
99,88,A
73,93,A
34,24,C
58,38,B
86,22,B
62,23,B
91,19,B
92,51,A
68,57,B
12,20,C
79,74,A
73,87,A
50,43,B
95,66,A
44,93,B
18,96,B
28,74,B
69,66,B
64,11,C
50,90,A
75,89,A
42,82,B
75,24,B
49,78,B
88,41,B
65,57,B
60,85,A
42,49,B
65,28,B
56,70,B
75,70,A
77,80,A
86,67,A
54,88,A
16,65,B
30,14,C
23,75,B
27,93,B
65,81,A
30,49,C
27,23,C
47,77,B
65,21,B
98,64,A
41,61,B
37,33,C
80,56,B
80,79,A
33,67,B
24,10,C
89,35,B
33,40,C
20,84,B
52,70,B
91,72,A
29,35,C
96,52,A
80,42,B
34,37,C
36,44,B
60,58,B
89,56,A
23,12,C
89,68,A
25,87,B
51,40,B
24,48,C
26,84,B
45,12,C
73,63,B
93,24,B
46,49,B
19,88,B
24,88,B
19,41,C
78,91,A
10,80,B
64,47,B
83,31,B
29,23,C
69,55,B
46,49,B
59,54,B
23,81,B
73,16,B
79,11,B
81,89,A
73,73,A
10,98,B
98,23,B
51,22,C
46,23,C
58,52,B
89,71,A
11,65,C
33,44,C
14,43,C
70,34,B
64,43,B
43,26,C
96,35,B
22,78,B
11,29,C
87,52,B
54,51,B
99,98,A
16,41,C
46,94,A
25,34,C
63,59,B
78,17,B
27,54,B
48,14,C
70,82,A
28,98,B
55,43,B
21,24,C
61,40,B
54,50,B
38,17,C
47,85,B
73,36,B
76,67,A
94,32,B
97,20,B
22,25,C
86,82,A
76,77,A
51,47,B
29,91,B
90,86,A
13,12,C
88,67,A
65,58,B
57,92,A
99,60,A
66,64,B
44,79,B
12,50,C
92,82,A
36,85,B
87,65,A
16,90,B
97,85,A
63,78,A
88,42,B
86,27,B
100,70,A
45,30,C
25,17,C
100,65,A
60,38,B
38,14,C
79,88,A
69,100,A
23,25,C
29,73,B
61,16,C
45,31,C
89,85,A
79,27,B
53,32,B
20,30,C
55,37,B
35,49,B
27,51,C
13,22,C
11,27,C
46,13,C
12,62,C
58,97,A
99,100,A
38,61,B
67,28,B
18,71,B
44,46,B
97,94,A
73,67,A
85,74,A
82,15,B
73,35,B
86,60,A
90,14,B
21,34,C
42,17,C
61,20,B
71,91,A
91,55,A
24,63,B
98,72,A
35,86,B
95,99,A
58,61,B
51,70,B
35,15,C
69,19,B
85,83,A
63,53,B
10,84,B
53,39,B
97,26,B
58,52,B
36,97,B
47,38,B
13,14,C
71,66,B
70,51,B
24,50,C
21,71,B
40,10,C
10,37,C
27,72,B
58,32,B
80,10,B
51,19,C
42,59,B
71,11,B
64,30,B
84,28,B
41,32,C
48,71,B
86,35,B
97,85,A
77,32,B
34,93,B
29,47,C
84,71,A
37,78,B
66,75,A
69,43,B
61,87,A
76,66,A
38,85,B
51,61,B
69,52,B
70,14,B
60,33,B
55,59,B
27,40,C
18,47,C
25,50,C
63,98,A
93,77,A
28,72,B
10,28,C
20,74,B
22,88,B
96,78,A
85,11,B
34,77,B
54,15,C
51,25,C
17,52,C
62,31,B
20,99,B
75,86,A
44,39,B
86,53,B
29,40,C
88,21,B
72,66,B
68,90,A
62,22,B
28,29,C
10,61,C
64,45,B
20,82,B
75,100,A
48,55,B
43,83,B
67,58,B
12,68,B
84,39,B
82,66,A
55,15,C
72,12,B
63,75,B
40,23,C
69,60,B
31,100,B
17,51,C
10,78,B
19,48,C
31,53,B
11,66,C
97,12,B
39,65,B
82,93,A
82,75,A
55,69,B
78,41,B
63,83,A
74,94,A
19,73,B
86,77,A
30,63,B
30,27,C
17,85,B
85,96,A
47,30,C
87,44,B
67,88,A
74,44,B
52,64,B
25,43,C
91,48,B
46,65,B
80,88,A
26,97,B
52,26,C
95,17,B
18,76,B
13,80,B
16,23,C
93,66,A
68,33,B
43,40,B
38,51,B
63,88,A
28,59,B
16,16,C
30,72,B
52,33,B
62,43,B
36,15,C
51,52,B
64,31,B
44,88,B
74,93,A
40,95,B
37,93,B
65,26,B
77,32,B
34,34,C
91,72,A
21,66,B
70,37,B
95,28,B
77,92,A
33,35,C
84,39,B
44,71,B
20,32,C
45,32,C
20,69,B
88,61,A
30,50,B
56,78,B
88,78,A
78,43,B
41,12,C
43,21,C
37,49,B
94,42,B
11,39,C
39,76,B
32,22,C
99,91,A
86,41,B
61,27,B
97,51,A
58,43,B
35,41,C
65,25,B
67,81,A
45,93,B
52,89,A
59,15,C
34,29,C
77,25,B
15,37,C
86,21,B
79,46,B
78,24,B
81,23,B
59,57,B
98,76,A
96,65,A
27,30,C
28,41,C
78,37,B
30,77,B
88,58,A
97,34,B
37,91,B
96,39,B
12,83,B
100,74,A
11,16,C
69,31,B
99,39,B
43,70,B
99,51,A
77,68,A
80,69,A
93,15,B
98,99,A
67,97,A
20,55,C
94,79,A
15,16,C
82,24,B
69,99,A
56,40,B
13,53,C
86,69,A
11,17,C
56,32,B
82,69,A
65,30,B
26,61,B
10,95,B
47,43,B
97,73,A
74,68,A
47,33,B
89,32,B
25,86,B
99,42,A
36,92,B
14,51,C
26,84,B
46,62,B
51,74,B
45,19,C
82,78,A
96,72,A
61,96,A
59,41,B
20,10,C
88,69,A
77,60,B
32,25,C
39,84,B
93,83,A
20,19,C
35,77,B
17,67,B
91,42,B
53,30,B
54,25,C
65,74,B
87,61,A
67,63,B
36,13,C
96,58,A
67,92,A
65,62,B
50,76,B
19,29,C
50,49,B
80,93,A
93,59,A
33,57,B
48,44,B
63,65,B
28,99,B
11,39,C
10,58,C
72,45,B
26,95,B
98,64,A
11,52,C
92,50,A
28,99,B
83,17,B
46,18,C
67,74,A
54,53,B
30,35,C
30,14,C
36,44,B
81,46,B
85,92,A
65,54,B
43,64,B
25,75,B
88,51,B
24,58,B
16,58,C
94,49,A
85,55,A
17,72,B
77,52,B
78,81,A
29,23,C
72,22,B
80,20,B
44,38,B
47,23,C
81,80,A
31,30,C
80,62,A
26,91,B
36,57,B
65,18,B
76,38,B
34,96,B
52,30,B
37,26,C
16,12,C
72,21,B
69,69,B
36,97,B
91,26,B
13,14,C
96,23,B
74,79,A
11,32,C
22,33,C
100,100,A
55,99,A
27,29,C
41,51,B
64,35,B
67,41,B
80,12,B
86,14,B
54,10,C
82,89,A
89,52,A
16,93,B
58,19,C
36,59,B
87,68,A
87,31,B
73,48,B
10,76,B
68,46,B
74,23,B
42,12,C
17,29,C
47,49,B
73,87,A
89,22,B
43,87,B
91,35,B
35,60,B
56,35,B
29,94,B
26,94,B
35,79,B
44,63,B
78,96,A
61,84,A
95,20,B
100,13,B
40,19,C
75,36,B
32,94,B
34,38,C
63,73,B
15,100,B
78,75,A
47,64,B
62,56,B
80,69,A
22,42,C
73,36,B
75,61,B
88,13,B
72,17,B
94,15,B
77,96,A
14,68,B
43,22,C
76,43,B
88,72,A
23,85,B
84,88,A
46,70,B
44,30,C
89,57,A
28,10,C
39,95,B
96,32,B
37,35,C
44,29,C
50,21,C
28,68,B
57,88,A
39,84,B
80,36,B
86,52,B
19,32,C
29,59,B
68,21,B
33,56,B
90,14,B
69,91,A
38,42,B
45,71,B
23,100,B
73,70,A
29,50,C
95,79,A
78,10,B
70,14,B
70,33,B
22,12,C
83,70,A
96,79,A
85,52,B
74,43,B
89,19,B
75,80,A
18,19,C
71,38,B
22,13,C
39,72,B
23,12,C
20,79,B
70,31,B
72,62,B
99,39,B
17,85,B
44,52,B
52,80,B
97,10,B
65,70,B
30,18,C
76,64,A
67,34,B
40,66,B
17,54,C
62,35,B
24,26,C
56,93,A
64,91,A
23,27,C
90,58,A
48,96,A
26,46,C
98,98,A
58,93,A
57,92,A
92,19,B
71,75,A
32,30,C
37,10,C
70,92,A
40,64,B
24,64,B
26,52,C
56,46,B
19,96,B
62,64,B
99,44,A
34,62,B
70,49,B
38,37,C
70,94,A
66,100,A
73,69,A
34,24,C
99,75,A
43,25,C
45,18,C
65,67,B
77,58,B
79,43,B
59,57,B
13,24,C
15,90,B
45,67,B
34,92,B
76,57,B
88,76,A
28,60,B
64,61,B
62,91,A
83,68,A
69,57,B
90,10,B
33,91,B
68,68,B
40,55,B
38,53,B
80,22,B
76,26,B
63,12,C
59,92,A
28,30,C
51,46,B
88,47,B
15,37,C
63,72,B
85,94,A
61,54,B
45,67,B
33,18,C
20,41,C
85,44,B
47,26,C
14,63,C
98,75,A
46,38,B
37,40,C
45,24,C
96,14,B
71,12,B
38,52,B
35,82,B
82,95,A
42,69,B
89,85,A
64,24,B
77,48,B
72,30,B
27,84,B
91,79,A
38,14,C
94,98,A
53,67,B
91,61,A
26,30,C
25,38,C
76,81,A
97,67,A
99,32,B
75,31,B
70,100,A
10,78,B
91,48,B
40,53,B
17,89,B
56,33,B
57,84,A
24,94,B
100,79,A
19,32,C
34,20,C
34,13,C
75,29,B
70,69,B
89,14,B
57,79,B
66,52,B
38,30,C
15,52,C
92,16,B
25,38,C
78,47,B
89,76,A
52,14,C
87,82,A
11,40,C
53,45,B
88,21,B
36,27,C
60,51,B
79,81,A
40,47,B
100,20,B
23,56,C
32,81,B
81,77,A
44,27,C
92,65,A
79,32,B
39,84,B
33,21,C
73,43,B
19,80,B
49,94,A
76,86,A
91,99,A
23,76,B
34,78,B
52,16,C
32,38,C
62,18,B
90,58,A
99,11,B
23,97,B
59,68,B
30,87,B
66,88,A
25,79,B
67,25,B
67,64,B
85,37,B
84,90,A
69,62,B
79,100,A
77,74,A
46,16,C
87,46,B
42,16,C
11,99,B
92,62,A
70,88,A
36,14,C
97,61,A
85,36,B
50,41,B
86,53,B
59,71,B
39,30,C
99,70,A
31,84,B
54,66,B
90,65,A
37,74,B
99,55,A
82,30,B
59,93,A
66,90,A
56,26,B
63,88,A
70,87,A
72,53,B
23,22,C
99,47,A
84,54,B
47,48,B
69,70,B
82,18,B
10,98,B
64,57,B
47,60,B
80,76,A
27,75,B
40,80,B
74,20,B
57,42,B
82,49,B
57,11,C
95,10,B
99,88,A
12,25,C
38,96,B
68,49,B
57,35,B
40,96,B
73,53,B
74,94,A
86,54,A
27,61,B
88,98,A
14,27,C
95,92,A
16,62,C
30,61,B
55,49,B
84,88,A
69,61,B
59,17,C
88,27,B
26,65,B
47,74,B
27,61,B
48,52,B
69,82,A
93,40,B
17,33,C
31,47,C
91,100,A
72,43,B
92,23,B
55,72,B
82,76,A
72,64,B
45,47,B
75,26,B
99,82,A
24,61,B
84,70,A
75,23,B
88,13,B
14,26,C
21,12,C
38,38,C
52,68,B
35,45,B
37,21,C
22,58,B
89,100,A
56,48,B
70,79,A
16,38,C
20,46,C
72,29,B
26,100,B
71,15,B
22,100,B
61,48,B
31,93,B
14,90,B
66,72,B
76,52,B
62,46,B
37,40,C
12,14,C
10,73,B
23,91,B
36,10,C
18,82,B
34,15,C
98,56,A
63,65,B
14,73,B
16,17,C
42,18,C
61,91,A
31,79,B
83,84,A
18,86,B
54,32,B
89,45,B
75,44,B
73,62,B
62,92,A
60,75,B
69,74,A
71,47,B
32,17,C
10,24,C
93,79,A
15,95,B
84,83,A
71,95,A
73,22,B
85,22,B
97,58,A
94,96,A
64,41,B
31,97,B
32,30,C
41,59,B
56,46,B
68,64,B
38,24,C
47,55,B
26,84,B
85,77,A
85,50,B
88,15,B
73,60,B
90,88,A
57,100,A
67,77,A
42,78,B
87,68,A
66,24,B
70,60,B
58,14,C
46,24,C
82,27,B
16,73,B
72,10,B
32,100,B
83,83,A
82,51,B
78,67,A
15,32,C
48,29,C
85,68,A
31,17,C
77,16,B
88,99,A
37,16,C
76,31,B
11,43,C
17,72,B
91,97,A
32,58,B
76,69,A
21,36,C
50,44,B
16,50,C
23,77,B
34,33,C
40,50,B
22,67,B
61,30,B
47,84,B
60,42,B
79,54,B
66,30,B
54,93,A
76,84,A
12,87,B
78,97,A
69,36,B
10,95,B
52,38,B
17,25,C
51,42,B
59,64,B
56,100,A
78,27,B
86,63,A
28,81,B
35,62,B
34,100,B
53,64,B
60,55,B
95,43,B
38,94,B
50,89,B
28,53,B
67,90,A
43,49,B
23,62,B
67,20,B
30,75,B
69,90,A
41,83,B
37,54,B
79,95,A
75,57,B
22,28,C
62,16,C
50,37,B
74,67,A
12,89,B
93,71,A
96,83,A
37,13,C
66,43,B
26,42,C
66,60,B
80,34,B
26,89,B
48,14,C
83,39,B
78,100,A
49,80,B
33,34,C
68,36,B
20,80,B
72,53,B
55,60,B
20,40,C
70,96,A
22,17,C
19,29,C
75,38,B
34,28,C
90,52,A
64,23,B
100,94,A
53,50,B
14,100,B
37,53,B
65,58,B
46,72,B
42,53,B
85,66,A
43,92,B
35,42,C
32,78,B
66,49,B
96,79,A
28,93,B
66,40,B
20,75,B
26,95,B
51,96,A
32,83,B
28,96,B
50,21,C
46,35,B
93,79,A
92,53,A
94,10,B
86,23,B
37,29,C
50,63,B
81,42,B
48,58,B
93,94,A
92,31,B
19,55,C
62,40,B
49,100,A
37,48,B
10,33,C
72,11,B
35,88,B
97,33,B
96,84,A
25,94,B
52,18,C
21,67,B
54,68,B
27,37,C
63,90,A
76,14,B
59,75,B
93,24,B
50,17,C
33,23,C
82,92,A
57,75,B
67,93,A
59,81,A
20,71,B
77,82,A
70,77,A
70,65,B
88,55,A
38,84,B
52,19,C
100,19,B
61,62,B
29,62,B
97,72,A
11,72,B
31,61,B
22,61,B
17,10,C
25,44,C
32,54,B
24,48,C
82,12,B
41,84,B
39,97,B
81,34,B
10,41,C
75,26,B
78,95,A
94,14,B
27,71,B
55,37,B
44,31,C
66,19,B
71,26,B
85,52,B
98,29,B
99,54,A
33,38,C
50,30,B
26,86,B
73,76,A
39,46,B
53,60,B
49,54,B
88,58,A
70,38,B
78,40,B
48,70,B
79,83,A
100,55,A
39,56,B
65,72,B
96,49,A
53,95,A
44,72,B
82,60,A
38,28,C
90,14,B
75,15,B
72,21,B
19,83,B
49,74,B
48,20,C
82,15,B
30,31,C
47,52,B
69,55,B
70,86,A
19,52,C
43,38,B
21,43,C
70,91,A
51,53,B
47,60,B
68,43,B
54,24,C
32,50,B
77,85,A
14,77,B
51,58,B
67,98,A
98,49,A
66,86,A
62,66,B
94,67,A
74,23,B
51,21,C
25,31,C
18,31,C
64,82,A
98,46,A
42,87,B
54,13,C
92,62,A
94,81,A
64,25,B
65,35,B
95,63,A
90,77,A
66,37,B
61,38,B
89,82,A
78,55,B
25,32,C
68,67,B
89,40,B
29,12,C
73,57,B
67,31,B
11,78,B
61,53,B
89,96,A
44,44,B
75,81,A
95,92,A
55,17,C
50,59,B
36,43,C
39,71,B
80,40,B
19,11,C
24,14,C
21,99,B
59,67,B
62,81,A
72,61,B
87,47,B
32,41,C
58,73,B
16,55,C
93,97,A
51,81,B
40,26,C
14,37,C
28,16,C
94,50,A
59,71,B
35,54,B
59,45,B
15,62,C
22,26,C
45,69,B
83,27,B
11,59,C
57,51,B
60,84,A
32,14,C
83,40,B
97,34,B
53,17,C
92,41,B
72,16,B
16,51,C
85,24,B
86,68,A
32,69,B
74,47,B
51,27,C
52,35,B
19,36,C
40,32,C
72,33,B
45,55,B
12,92,B
90,70,A
54,75,B
73,51,B
81,85,A
93,37,B
39,39,C
99,63,A
38,16,C
11,69,B
58,23,B
94,20,B
73,20,B
70,28,B
63,83,A
77,42,B
70,33,B
51,81,B
58,34,B
73,43,B
67,15,B
45,66,B
80,54,B
61,95,A
29,31,C
78,66,A
66,66,B
85,67,A
31,10,C
24,18,C
43,46,B
72,18,B
60,67,B
57,21,C
15,53,C
41,70,B
75,12,B
100,25,B
42,76,B
64,49,B
35,69,B
74,63,B
31,71,B
36,55,B
10,79,B
92,17,B
94,75,A
99,30,B
35,40,C
29,33,C
18,59,C
28,23,C
45,33,C
40,49,B
31,84,B
29,90,B
49,93,A
95,70,A
39,52,B
61,26,B
41,58,B
23,32,C
74,45,B
74,38,B
11,24,C
58,66,B
50,96,A
86,72,A
32,75,B
15,35,C
68,82,A
30,31,C
68,49,B
73,75,A
34,56,B
63,85,A
57,95,A
75,40,B
37,22,C
82,68,A
49,98,A
72,14,B
99,70,A
30,77,B
94,15,B
31,84,B
29,91,B
87,45,B
74,14,B
67,78,A
54,66,B
61,78,B
97,29,B
37,36,C
79,89,A
73,27,B
73,21,B
84,45,B
66,29,B
63,26,B
11,87,B
55,24,C
53,14,C
14,26,C
39,62,B
66,80,A
65,69,B
71,64,B
71,25,B
47,18,C
77,71,A
59,40,B
10,24,C
67,43,B
99,54,A
100,20,B
41,21,C
26,13,C
45,57,B
40,36,C
71,74,A
95,96,A
46,57,B
78,81,A
13,35,C
75,35,B
38,56,B
100,64,A
12,32,C
27,52,C
79,13,B
81,63,A
93,34,B
32,39,C
78,14,B
43,80,B
55,96,A
54,79,B
68,33,B
86,71,A
49,90,B
81,33,B
11,97,B
34,90,B
13,33,C
25,16,C
84,97,A
54,31,B
82,29,B
38,49,B
22,85,B
48,11,C
80,59,B
15,100,B
26,65,B
35,39,C
21,23,C
66,87,A
26,77,B
37,85,B
41,47,B
84,72,A
80,85,A
32,59,B
52,44,B
62,76,B
58,42,B
36,34,C
66,98,A
80,87,A
41,14,C
98,15,B
97,29,B
33,32,C
65,83,A
58,73,B
38,19,C
36,41,C
79,98,A
26,46,C
44,28,C
48,33,B
39,63,B
70,58,B
14,51,C
12,65,C
13,19,C
36,43,C
77,98,A
59,96,A
48,26,C
100,70,A
19,47,C
36,75,B
22,84,B
93,76,A
49,38,B
64,98,A
12,95,B
95,80,A
63,70,B
84,50,B
16,27,C
73,71,A
73,31,B
100,42,A
35,54,B
81,59,A
96,34,B
43,46,B
60,41,B
35,21,C
27,95,B
33,76,B
71,24,B
93,97,A
25,67,B
37,67,B
46,31,C
58,67,B
22,94,B
47,15,C
90,36,B
30,66,B
79,66,A
12,41,C
76,68,A
94,55,A
65,83,A
29,51,B
54,16,C
100,70,A
15,57,C
95,45,A
86,59,A
87,69,A
23,50,C
18,86,B
62,61,B
15,18,C
76,61,B
48,39,B
23,41,C
36,54,B
30,82,B
32,12,C
87,80,A
91,89,A
65,44,B
41,18,C
36,95,B
12,96,B
34,14,C
54,17,C
16,46,C
91,61,A
78,59,B
63,70,B
50,93,A
38,89,B
39,66,B
21,67,B
72,23,B
59,40,B
58,66,B
76,53,B
47,77,B
91,77,A
20,74,B
34,57,B
47,93,A
67,40,B
32,67,B
32,51,B
24,79,B
23,98,B
94,61,A
52,89,A
45,23,C
85,20,B
88,20,B
45,54,B
20,29,C
16,17,C
93,91,A
85,76,A
32,43,C
38,24,C
91,13,B
91,37,B
38,94,B
50,55,B
11,59,C
22,79,B
63,51,B
98,40,B
38,51,B
67,75,A
81,10,B
91,16,B
56,12,C
79,38,B
98,40,B
31,66,B
79,79,A
91,95,A
64,96,A
52,55,B
26,30,C
69,48,B
92,60,A
72,96,A
63,69,B
77,79,A
33,45,C
14,54,C
96,32,B
80,61,A
79,95,A
13,44,C
22,91,B
39,41,B
87,29,B
29,18,C
40,56,B
89,39,B
97,12,B
77,60,B
90,99,A
96,61,A
85,63,A
87,28,B
32,51,B
78,49,B
94,92,A
55,23,C
66,21,B
21,59,B
74,84,A
42,97,B
84,17,B
74,88,A
14,44,C
31,21,C
68,89,A
96,99,A
78,98,A
80,86,A
76,50,B
32,18,C
78,13,B
14,89,B
82,30,B
76,92,A
27,72,B
50,76,B
27,55,B
55,32,B
44,39,B
100,80,A
67,78,A
14,46,C
15,90,B
79,86,A
90,98,A
48,69,B
68,52,B
89,60,A
18,19,C
97,11,B
32,30,C
59,32,B
10,16,C
72,78,A
35,38,C
90,69,A
57,68,B
91,64,A
41,82,B
59,44,B
20,23,C
19,36,C
92,73,A
90,67,A
28,56,B
44,79,B
65,27,B
47,23,C
57,69,B
94,93,A
52,13,C
39,84,B
65,52,B
41,11,C
42,71,B
89,43,B
47,81,B
89,61,A
22,41,C
83,50,B
96,52,A
76,38,B
39,27,C
16,38,C
92,10,B
43,53,B
50,10,C
61,11,C
88,46,B
25,70,B
74,76,A
34,59,B
10,32,C
55,46,B
58,39,B
95,84,A
77,13,B
59,47,B
38,92,B
55,34,B
93,68,A
21,32,C
76,99,A
91,16,B
52,30,B
27,52,C
53,49,B
91,45,B
75,10,B
50,19,C
82,16,B
50,88,B
41,70,B
33,33,C
19,33,C
22,38,C
92,73,A
66,37,B
23,23,C
20,39,C
47,53,B
23,57,B
40,96,B
48,88,B
34,51,B
99,73,A
72,58,B
39,17,C
62,54,B
23,87,B
91,43,B
37,80,B
10,26,C
99,43,A
79,87,A
86,69,A
18,35,C
96,82,A
38,49,B
38,81,B
81,14,B
54,91,A
72,25,B
72,66,B
57,66,B
23,85,B
98,43,A
90,34,B
59,42,B
86,42,B
81,80,A
89,70,A
100,85,A
31,18,C
79,70,A
28,27,C
18,23,C
25,18,C
40,97,B
79,53,B
41,76,B
23,99,B
22,38,C
50,37,B
37,93,B
26,88,B
82,79,A
83,57,A
28,52,B
95,28,B
43,69,B
89,93,A
92,39,B
23,66,B
80,48,B
13,85,B
25,79,B
82,44,B
32,10,C
63,13,C
90,87,A
53,85,B
86,71,A
30,21,C
13,43,C
19,42,C
42,27,C
80,61,A
61,62,B
83,59,A
88,51,B
31,21,C
80,24,B
12,56,C
33,22,C
91,46,B
75,41,B
31,57,B
26,87,B
52,84,B
19,63,B
87,25,B
30,64,B
29,58,B
85,79,A
22,90,B
22,54,C
15,95,B
65,85,A
26,67,B
14,60,C
32,61,B
16,71,B
21,69,B
64,49,B
35,63,B
44,51,B
86,44,B
25,51,C
55,94,A
93,19,B
32,88,B
62,71,B
59,90,A
14,24,C
45,79,B
98,43,A
12,42,C
48,95,A
59,73,B
11,98,B
76,49,B
59,82,A
30,20,C
85,74,A
14,30,C
42,18,C
62,83,A
76,24,B
90,73,A
47,100,A
25,83,B
40,92,B
52,64,B
84,15,B
90,46,B
62,98,A
37,82,B
83,63,A
38,21,C
79,12,B
38,30,C
74,39,B
65,31,B
21,63,B
34,82,B
19,14,C
52,80,B
37,14,C
92,21,B
50,88,B
74,100,A
93,42,B
76,27,B
13,34,C
92,22,B
46,79,B
25,80,B
88,78,A
66,86,A
67,11,C
59,50,B
17,71,B
52,76,B
55,64,B
88,12,B
85,95,A
19,52,C
76,49,B
33,80,B
13,48,C
97,33,B
75,78,A
34,43,C
99,26,B
17,55,C
12,33,C
34,32,C
33,89,B
48,99,A
25,17,C
28,43,C
17,66,B
90,88,A
88,45,B
66,100,A
43,18,C
58,23,B
18,15,C
32,46,C
20,70,B
23,75,B
81,74,A
57,43,B
38,23,C
42,43,B
42,62,B
100,11,B
15,11,C
35,92,B
27,21,C
97,52,A
70,81,A
74,76,A
74,44,B
40,12,C
88,69,A
52,29,B
55,15,C
21,86,B
46,81,B
40,51,B
24,87,B
91,95,A
15,10,C
88,45,B
11,54,C
98,38,B
42,13,C
28,11,C
95,95,A
61,33,B
59,84,A
39,27,C
45,68,B
20,60,B
28,59,B
20,47,C
85,77,A
41,59,B
71,80,A
56,71,B
70,36,B
74,34,B
40,92,B
45,67,B
35,76,B
49,88,B
50,28,C
29,92,B
69,25,B
46,95,A
76,51,B
35,17,C
55,60,B
39,38,C
49,85,B
26,55,B
56,54,B
49,98,A
26,98,B
99,65,A
92,64,A
80,81,A
35,69,B
39,35,C
97,75,A
18,22,C
65,95,A
15,33,C
15,74,B
43,84,B
34,96,B
38,75,B
34,21,C
81,36,B
14,20,C
43,55,B
78,65,A
72,78,A
18,37,C
19,82,B
63,51,B
58,35,B
92,73,A
76,50,B
46,44,B
71,26,B
89,41,B
25,54,C
19,58,C
34,59,B
99,36,B
100,19,B
37,90,B
35,49,B
37,66,B
50,22,C
66,39,B
13,35,C
51,81,B
89,67,A
63,56,B
16,64,B
69,92,A
76,80,A
38,35,C
11,68,C
75,39,B
90,36,B
29,100,B
48,77,B
90,19,B
33,100,B
29,72,B
68,22,B
97,61,A
38,31,C
78,59,B
17,10,C
84,86,A
34,23,C
100,85,A
77,86,A
74,30,B
33,95,B
38,36,C
50,23,C
69,13,B
48,18,C
39,82,B
89,55,A
83,70,A
86,61,A
19,30,C
16,58,C
95,98,A
52,23,C
64,45,B
67,45,B
52,22,C
19,77,B
89,22,B
86,87,A
77,84,A
39,39,C
72,56,B
44,44,B
43,86,B
96,90,A
81,57,B
36,98,B
37,67,B
31,70,B
43,86,B
16,75,B
78,13,B
20,64,B
46,82,B
84,53,B
34,38,C
36,83,B
52,18,C
96,74,A
49,13,C
19,34,C
27,62,B
78,77,A
70,81,A
50,27,C
33,30,C
10,53,C
82,42,B
45,12,C
99,78,A
66,31,B
64,82,A
92,17,B
23,56,C
79,45,B
13,13,C
59,10,C
99,11,B
94,24,B
55,34,B
91,96,A
54,82,B
25,75,B
92,39,B
52,90,A
38,74,B
48,84,B
97,25,B
60,77,B
26,43,C
41,31,C
16,90,B
68,14,B
32,27,C
39,68,B
85,25,B
60,20,B
87,79,A
73,60,B
21,93,B
51,54,B
73,31,B
17,19,C
81,22,B
52,63,B
73,61,B
65,84,A
19,62,B
67,80,A
91,19,B
31,53,B
94,98,A
41,54,B
56,92,A
90,59,A
14,33,C
50,74,B
44,81,B
64,14,C
67,10,C
98,32,B
79,53,B
43,72,B
98,71,A
98,55,A
33,54,B
34,29,C
83,97,A
45,25,C
80,56,B
17,16,C
89,78,A
53,36,B
32,89,B
37,90,B
62,11,C
21,71,B
53,45,B
93,91,A
45,85,B
36,55,B
69,98,A
87,61,A
23,70,B
49,31,B
39,16,C
51,96,A
69,90,A
41,62,B
58,30,B
35,95,B
49,37,B
86,25,B
45,72,B
74,79,A
60,93,A
92,10,B
80,68,A
67,70,B
69,37,B
10,34,C
63,24,B
89,75,A
61,77,B
13,27,C
88,69,A
65,77,A
15,61,C
31,99,B
69,74,A
23,42,C
40,27,C
87,25,B
79,54,B
93,45,B
36,23,C
88,94,A
52,73,B
13,79,B
71,65,B
49,95,A
52,81,B
71,34,B
53,53,B
57,92,A
45,92,B
99,46,A
94,59,A
86,39,B
61,84,A
49,22,C
90,93,A
44,26,C
35,45,B
44,69,B
59,85,A
46,93,B
74,66,A
26,73,B
71,79,A
52,59,B
30,38,C
95,25,B
25,75,B
11,13,C
37,21,C
99,86,A
86,62,A
75,91,A
58,93,A
90,67,A
24,89,B
18,90,B
73,23,B
62,84,A
90,89,A
100,86,A
32,36,C
40,40,B
94,89,A
30,80,B
72,59,B
50,53,B
68,100,A
33,44,C
89,42,B
77,38,B
61,94,A
48,86,B
26,66,B
76,38,B
94,58,A
46,59,B
76,55,B
43,74,B
18,93,B
100,24,B
85,70,A
13,23,C
38,88,B
63,93,A
75,43,B
56,72,B
45,87,B
45,85,B
77,98,A
61,75,B
82,85,A
86,83,A
36,87,B
69,55,B
51,73,B
48,35,B
95,74,A
30,12,C
43,71,B
66,90,A
19,71,B
51,17,C
58,43,B
33,88,B
52,82,B
16,98,B
82,72,A
20,77,B
54,18,C
27,85,B
72,56,B
84,11,B
11,58,C
49,78,B
31,97,B
24,44,C
50,99,A
56,47,B
66,59,B
35,90,B
21,13,C
93,52,A
42,31,C
65,97,A
57,83,A
21,30,C
36,74,B
23,11,C
45,98,A
25,70,B
90,96,A
74,22,B
34,24,C
40,24,C
68,80,A
54,80,B
38,88,B
73,64,B
81,93,A
82,87,A
32,55,B
27,54,B
30,14,C
37,43,B
77,63,A
13,69,B
21,50,C
41,15,C
74,21,B
59,49,B
77,29,B
25,48,C
17,88,B
87,95,A
29,64,B
99,45,A
14,95,B
45,49,B
57,30,B
53,51,B
34,22,C
48,35,B
84,88,A
58,11,C
43,14,C
36,46,B
33,61,B
16,14,C
67,47,B
64,32,B
23,39,C
50,51,B
40,17,C
73,97,A
48,38,B
54,79,B
60,46,B
63,35,B
99,35,B
81,59,A
28,15,C
62,86,A
96,72,A
48,78,B
64,29,B
39,98,B
83,28,B
23,53,C
38,17,C
34,13,C
16,74,B
24,92,B
93,86,A
21,36,C
23,60,B
99,85,A
76,75,A
92,71,A
89,59,A
25,88,B
61,50,B
48,87,B
86,88,A
97,75,A
58,57,B
46,34,B
17,41,C
39,45,B
46,46,B
47,98,A
85,82,A
27,64,B
92,10,B
32,16,C
29,35,C
68,62,B
87,23,B
35,91,B
60,73,B
41,95,B
81,16,B
25,35,C
80,61,A
93,27,B
33,50,B
89,70,A
14,91,B
51,60,B
38,73,B
58,55,B
97,18,B
100,60,A
76,58,B
53,77,B
71,75,A
99,80,A
49,40,B
54,18,C
51,72,B
94,96,A
69,15,B
11,30,C
79,76,A
56,53,B
44,43,B
89,39,B
50,33,B
50,35,B
97,54,A
67,59,B
90,29,B
91,10,B
14,24,C
74,40,B
93,40,B
74,63,B
53,24,C
21,28,C
24,53,C
13,76,B
10,73,B
22,54,C
91,99,A
33,79,B
80,14,B
36,16,C
69,70,B
56,68,B
45,31,C
26,29,C
96,14,B
33,58,B
13,70,B
13,82,B
70,73,A
11,12,C
54,100,A
52,42,B
44,79,B
47,11,C
11,70,B
99,17,B
77,66,A
36,14,C
86,75,A
75,85,A
17,66,B
83,14,B
36,45,B
47,89,B
50,50,B
61,58,B
33,10,C
27,23,C
48,58,B
80,61,A
68,11,C
12,63,C
54,23,C
95,25,B
13,59,C
77,85,A
12,40,C
49,46,B
12,53,C
18,43,C
22,75,B
96,61,A
73,14,B
32,36,C
12,39,C
74,46,B
28,94,B
94,67,A
25,15,C
19,17,C
76,53,B
28,61,B
99,93,A
39,89,B
17,43,C
46,52,B
97,18,B
66,52,B
92,21,B
55,76,B
55,28,B
10,26,C
36,26,C
44,25,C
27,82,B
56,40,B
26,99,B
89,15,B
16,29,C
11,96,B
88,87,A
81,17,B
99,100,A
52,24,C
94,37,B
31,52,B
84,81,A
86,12,B
69,37,B
49,93,A
63,59,B
91,49,A
33,28,C
58,66,B
32,96,B
85,74,A
41,75,B
52,20,C
82,25,B
31,86,B
45,62,B
67,89,A
40,62,B
65,71,B
24,18,C
93,13,B
94,75,A
62,69,B
58,40,B
29,18,C
27,35,C
19,24,C
84,18,B
11,63,C
41,98,B
39,52,B
49,37,B
78,61,B
57,79,B
66,59,B
99,31,B
63,66,B
23,98,B
19,46,C
61,28,B
99,95,A
25,99,B
65,35,B
37,74,B
96,63,A
94,49,A
56,49,B
61,83,A
30,98,B
27,47,C
82,50,B
62,66,B
29,62,B
12,35,C
77,30,B
25,89,B
36,46,B
65,42,B
25,70,B
75,70,A
97,28,B
87,26,B
98,96,A
58,82,A
49,75,B
21,66,B
93,73,A
58,96,A
25,100,B
42,52,B
53,65,B
24,76,B
48,97,A
88,29,B
62,48,B
79,87,A
98,18,B
13,97,B
39,12,C
94,74,A
100,84,A
90,57,A
13,35,C
24,33,C
86,37,B
56,67,B
80,100,A
77,85,A
81,55,B
85,51,B
84,14,B
68,38,B
29,23,C
91,59,A
46,78,B
54,71,B
90,29,B
82,44,B
35,94,B
52,19,C
81,10,B
93,85,A
75,67,A
80,66,A
22,28,C
85,73,A
21,62,B
97,17,B
13,45,C
13,22,C
72,89,A
36,61,B
53,40,B
21,43,C
80,80,A
11,40,C
81,24,B
47,72,B
15,29,C
71,99,A
11,59,C
86,68,A
16,10,C
84,41,B
26,24,C
17,96,B
82,100,A
42,17,C
66,45,B
95,81,A
53,83,B
29,45,C
13,87,B
16,65,B
79,66,A
60,79,B
41,70,B
24,66,B
50,12,C
53,65,B
82,41,B
10,97,B
94,12,B
96,17,B
62,85,A
26,29,C
77,59,B
46,50,B
19,45,C
81,79,A
36,31,C
22,69,B
40,83,B
67,48,B
52,95,A
95,37,B
99,99,A
32,67,B
23,34,C
94,35,B
57,35,B
44,23,C
90,76,A
48,28,C
17,28,C
33,39,C
47,89,B
25,45,C
72,55,B
67,50,B
39,100,B
39,46,B
68,84,A
11,45,C
72,65,B
17,19,C
57,32,B
38,14,C
21,47,C
89,14,B
84,79,A
90,78,A
12,86,B
27,27,C
62,94,A
73,97,A
94,76,A
83,12,B
48,29,C
59,23,B
86,100,A
94,84,A
59,25,B
55,87,A
58,34,B
39,52,B
74,71,A
38,18,C
80,83,A
19,19,C
33,74,B
18,22,C
24,10,C
30,97,B
78,41,B
33,54,B
22,41,C
35,30,C
40,35,C
96,27,B
98,62,A
91,36,B
53,54,B
50,86,B
87,63,A
33,47,B
10,94,B
33,77,B
78,32,B
71,18,B
66,66,B
84,79,A
33,14,C
71,48,B
21,31,C
86,28,B
50,21,C
21,26,C
37,70,B
48,33,B
29,29,C
18,51,C
72,50,B
35,13,C
97,70,A
98,78,A
45,38,B
64,42,B
84,76,A
93,57,A
38,66,B
60,69,B
60,97,A
82,15,B
18,59,C
93,30,B
92,52,A
75,28,B
84,65,A
93,20,B
29,56,B
85,63,A
69,84,A
90,71,A
47,61,B
32,24,C
92,86,A
92,82,A
83,87,A
11,75,B
31,39,C
49,77,B
71,76,A
44,85,B
12,26,C
47,68,B
65,91,A
46,20,C
19,56,C
82,11,B
55,100,A
44,48,B
45,21,C
80,77,A
35,91,B
97,87,A
21,38,C
19,34,C
79,56,B
69,59,B
78,46,B
82,36,B
63,26,B
94,87,A
31,17,C
43,25,C
29,77,B
90,100,A
15,46,C
76,59,B
71,68,B
19,30,C
15,24,C
74,12,B
32,79,B
18,71,B
44,71,B
62,93,A
44,41,B
69,12,B
18,25,C
39,13,C
26,87,B
43,42,B
89,40,B
81,18,B
90,43,B
18,72,B
36,96,B
40,29,C
32,67,B
29,61,B
41,16,C
76,70,A
65,33,B
54,100,A
80,46,B
80,46,B
84,69,A
96,90,A
28,68,B
68,43,B
74,80,A
97,18,B
68,53,B
71,59,B
85,61,A
41,23,C
24,56,B
86,73,A
50,67,B
32,67,B
100,74,A
62,92,A
77,56,B
42,28,C
14,79,B
95,32,B
67,58,B
29,10,C
55,56,B
82,14,B
44,32,C
46,97,A
22,100,B
53,21,C
96,75,A
57,31,B
83,67,A
14,75,B
48,54,B
77,96,A
10,87,B
95,30,B
80,95,A
43,100,A
78,49,B
92,84,A
92,21,B
15,27,C
78,68,A
60,54,B
16,24,C
11,39,C
12,61,C
51,43,B
25,69,B
36,42,C
65,83,A
41,22,C
82,37,B
96,52,A
36,21,C
40,25,C
57,29,B
51,31,B
10,100,B
89,85,A
50,52,B
70,67,B
77,31,B
25,41,C
48,97,A
32,27,C
46,93,B
83,74,A
81,68,A
95,49,A
36,47,B
97,39,B
50,99,A
20,52,C
48,77,B
86,79,A
95,94,A
42,65,B
64,69,B
52,79,B
11,17,C
18,10,C
58,15,C
34,62,B
46,26,C
87,98,A
88,87,A
13,94,B
86,56,A
23,57,B
62,31,B
47,93,A
86,82,A
66,40,B
74,20,B
61,64,B
59,51,B
63,82,A
87,17,B
48,87,B
25,39,C
53,73,B
65,91,A
77,79,A
22,25,C
61,24,B
36,19,C
40,77,B
67,63,B
79,63,A
18,84,B
20,32,C
62,78,A
45,52,B
47,59,B
25,67,B
39,93,B
97,23,B
60,83,A
97,47,A
50,51,B
72,73,A
98,64,A
38,83,B
13,73,B
57,91,A
30,42,C
43,76,B
81,29,B
84,24,B
93,61,A
18,17,C
35,14,C
51,71,B
42,37,C
75,12,B
66,66,B
79,44,B
86,99,A
46,54,B
30,43,C
35,68,B
76,83,A
46,57,B
55,91,A
71,15,B
81,86,A
78,48,B
45,68,B
88,35,B
34,73,B
26,36,C
47,68,B
58,26,B
69,15,B
32,81,B
85,42,B
16,47,C
22,97,B
65,32,B
30,31,C
49,53,B
50,89,B
20,74,B
76,89,A
26,27,C
76,26,B
98,16,B
21,47,C
61,16,C
40,88,B
95,19,B
22,15,C
27,23,C
33,95,B
12,76,B
84,18,B
22,85,B
11,76,B
96,28,B
67,61,B
98,78,A
70,45,B
29,90,B
90,48,B
79,41,B
93,85,A
89,98,A
80,62,A
31,54,B
21,65,B
17,52,C
73,51,B
43,18,C
65,56,B
98,58,A
24,41,C
17,16,C
92,76,A
77,48,B
15,18,C
29,12,C
67,27,B
74,21,B
84,98,A
28,10,C
60,71,B
36,52,B
58,81,B
86,89,A
39,98,B
65,37,B
44,35,C
20,12,C
15,54,C
70,26,B
85,90,A
73,33,B
96,62,A
96,15,B
76,95,A
33,25,C
85,48,B
97,67,A
10,46,C
67,36,B
70,21,B
10,72,B
100,21,B
77,47,B
54,82,B
23,76,B
69,79,A
97,82,A
25,63,B
22,18,C
36,47,B
70,16,B
75,94,A
54,42,B
49,41,B
98,73,A
25,17,C
44,23,C
29,55,B
47,12,C
34,29,C
63,31,B
77,70,A
34,22,C
69,91,A
87,10,B
31,45,C
79,27,B
17,10,C
85,24,B
37,77,B
72,29,B
30,51,B
68,95,A
36,65,B
84,50,B
20,58,C
96,48,A
83,72,A
43,43,B
26,59,B
50,92,A
58,33,B
42,41,B
53,72,B
18,17,C
26,98,B
42,52,B
19,88,B
20,69,B
29,58,B
26,38,C
78,83,A
11,96,B
19,87,B
15,30,C
39,90,B
13,98,B
43,57,B
19,33,C
59,46,B
65,97,A
53,12,C
95,19,B
56,59,B
66,29,B
29,45,C
82,38,B
61,14,C
60,31,B
46,93,B
96,43,B
49,12,C
42,54,B
12,16,C
69,53,B
50,87,B
87,22,B
79,25,B
36,47,B
100,22,B
88,41,B
79,47,B
33,45,C
83,39,B
61,98,A
95,82,A
44,71,B
56,42,B
43,22,C
17,67,B
80,37,B
61,23,B
76,78,A
33,85,B
15,80,B
35,74,B
24,26,C
17,86,B
73,74,A
89,33,B
23,94,B
24,12,C
70,22,B
12,86,B
27,16,C
29,17,C
39,37,C
29,77,B
14,74,B
91,75,A
29,42,C
89,65,A
74,84,A
32,97,B
98,61,A
19,96,B
51,52,B
54,42,B
44,27,C
91,87,A
51,95,A
77,34,B
67,83,A
49,17,C
40,12,C
56,56,B
37,11,C
74,95,A
22,41,C
16,56,C
27,62,B
67,50,B
92,34,B
87,57,A
60,73,B
85,11,B
10,28,C
80,33,B
91,91,A
47,37,B
35,36,C
12,100,B
79,70,A
29,11,C
60,36,B
73,10,B
62,25,B
94,48,A
65,21,B
18,32,C
79,91,A
15,55,C
19,52,C
59,36,B
12,36,C
71,58,B
89,64,A
24,47,C
83,69,A
16,16,C
76,62,B
71,90,A
39,10,C
52,83,B
46,28,C
34,45,C
48,93,A
49,14,C
52,88,A
74,66,A
74,74,A
53,57,B
21,43,C
87,22,B
36,68,B
52,35,B
89,87,A
41,58,B
10,32,C
25,33,C
76,80,A
98,17,B
76,45,B
64,80,A
97,74,A
73,71,A
32,19,C
78,46,B
48,72,B
34,35,C
26,38,C
93,24,B
31,67,B
84,71,A
78,53,B
79,77,A
21,98,B
56,86,A
62,66,B
38,11,C
28,60,B
72,84,A
12,76,B
26,61,B
64,36,B
33,95,B
50,45,B
24,59,B
51,24,C
16,20,C
60,10,C
75,67,A
16,42,C
16,95,B
46,42,B
35,75,B
22,71,B
89,65,A
55,51,B
58,19,C
21,27,C
51,73,B
58,73,B
17,37,C
98,87,A
51,99,A
89,97,A
29,34,C
75,53,B
61,21,B
16,84,B
19,32,C
51,67,B
13,44,C
75,87,A
76,27,B
59,15,C
50,85,B
79,24,B
58,40,B
73,73,A
44,80,B
63,78,A
36,60,B
61,45,B
47,69,B
37,89,B
87,88,A
42,99,A
90,45,B
97,36,B
40,42,B
71,67,B
32,55,B
38,93,B
95,12,B
66,35,B
67,60,B
30,97,B
40,45,B
84,74,A
50,13,C
29,36,C
31,43,C
42,31,C
81,83,A
66,18,B
24,21,C
55,66,B
62,97,A
48,63,B
25,18,C
18,95,B
85,38,B
25,95,B
100,18,B
74,62,B
70,68,B
17,43,C
48,12,C
31,91,B
33,26,C
33,87,B
35,87,B
53,21,C
63,48,B
56,66,B
13,58,C
38,69,B
17,10,C
82,50,B
70,77,A
89,34,B
66,84,A
55,48,B
34,29,C
14,27,C
69,23,B
23,51,C
31,54,B
79,89,A
71,42,B
11,59,C
53,52,B
78,40,B
76,29,B
43,30,C
25,21,C
17,13,C
98,25,B
52,61,B
83,19,B
81,13,B
48,40,B
50,33,B
43,91,B
32,99,B
45,16,C
67,89,A
48,31,C
35,10,C
15,62,C
38,98,B
79,93,A
49,70,B
48,77,B
33,22,C
82,92,A
18,22,C
12,50,C
41,84,B
56,56,B
38,66,B
89,76,A
21,72,B
44,83,B
18,57,C
31,22,C
21,99,B
48,77,B
34,23,C
71,96,A
66,22,B
43,45,B
14,66,B
91,58,A
16,52,C
51,29,B
47,96,A
75,20,B
43,45,B
25,37,C
57,14,C
24,95,B
40,73,B
54,73,B
53,84,B
17,34,C
44,19,C
15,68,B
14,57,C
42,85,B
50,17,C
13,28,C
75,43,B
16,68,B
85,29,B
56,84,A
11,44,C
96,100,A
81,24,B
67,14,B
59,41,B
45,79,B
96,17,B
33,54,B
79,74,A
55,35,B
90,15,B
66,53,B
84,32,B
89,87,A
92,27,B
85,27,B
20,96,B
94,54,A
28,39,C
40,60,B
96,66,A
11,92,B
74,62,B
95,64,A
23,52,C
26,55,B
85,11,B
78,50,B
24,55,C
60,34,B
59,77,B
77,73,A
23,87,B
94,89,A
15,54,C
89,28,B
16,11,C
94,58,A
26,16,C
62,50,B
74,26,B
85,80,A
92,25,B
90,43,B
54,58,B
38,40,C
28,29,C
35,15,C
54,65,B
72,46,B
48,41,B
99,50,A
75,54,B
44,83,B
68,90,A
64,23,B
20,23,C
25,93,B
84,93,A
13,76,B
48,59,B
64,72,B
32,29,C
78,10,B
36,19,C
97,24,B
35,84,B
80,45,B
26,55,B
44,11,C
54,95,A
62,80,A
72,16,B
36,61,B
57,89,A
40,62,B
19,54,C
81,85,A
18,20,C
22,63,B
17,77,B
50,51,B
46,55,B
44,47,B
55,72,B
57,63,B
78,94,A
84,39,B
43,97,A
69,26,B
63,12,C
22,24,C
90,77,A
96,93,A
56,62,B
47,74,B
25,60,B
81,35,B
45,39,B
18,70,B
53,36,B
89,77,A
73,13,B
93,86,A
28,91,B
90,80,A
96,81,A
42,33,C
45,68,B
62,11,C
86,68,A
62,94,A
14,20,C
38,22,C
94,73,A
98,35,B
35,59,B
79,18,B
98,64,A
40,42,B
25,14,C
56,83,B
29,12,C
98,79,A
86,40,B
15,97,B
56,95,A
51,84,B
17,70,B
96,57,A
25,10,C
64,71,B
43,100,A
20,20,C
20,29,C
43,67,B
66,53,B
27,75,B
54,30,B
35,44,C
77,64,A
85,19,B
47,90,B
93,12,B
24,82,B
19,87,B
82,68,A
31,82,B
17,34,C
11,95,B
81,61,A
49,55,B
99,43,A
66,93,A
16,59,C
93,76,A
18,74,B
92,80,A
48,15,C
40,49,B
86,23,B
59,52,B
37,25,C
24,18,C
61,48,B
59,31,B
50,23,C
29,55,B
29,69,B
82,49,B
86,85,A
81,49,B
50,24,C
89,60,A
78,30,B
40,31,C
73,89,A
98,66,A
91,57,A
24,100,B
39,40,C
49,88,B
70,81,A
59,74,B
24,14,C
46,88,B
61,65,B
13,86,B
68,83,A
16,25,C
80,64,A
89,81,A
65,17,B
13,67,B
88,82,A
79,79,A
79,48,B
98,23,B
44,28,C
61,87,A
30,10,C
58,21,C
49,79,B
81,61,A
27,22,C
75,60,B
24,23,C
84,45,B
49,100,A
68,37,B
23,37,C
52,42,B
27,48,C
80,79,A
30,37,C
86,11,B
26,72,B
100,23,B
66,81,A
38,89,B
90,31,B
46,22,C
48,44,B
13,24,C
26,90,B
65,17,B
73,73,A
55,15,C
63,38,B
15,22,C
13,58,C
45,83,B
82,44,B
40,43,B
39,55,B
12,55,C
79,36,B
29,100,B
76,45,B
86,55,A
95,95,A
35,95,B
72,51,B
65,89,A
63,92,A
29,42,C
58,33,B
29,89,B
19,84,B
50,99,A
18,60,C
51,60,B
94,63,A
98,80,A
54,80,B
15,84,B
20,24,C
28,76,B
65,90,A
39,12,C
60,58,B
76,25,B
35,93,B
74,62,B
86,41,B
100,16,B
71,63,B
42,55,B
69,16,B
84,55,B
75,97,A
99,93,A
43,74,B
83,58,A
80,42,B
36,44,B
27,18,C
53,44,B
78,52,B
58,16,C
77,29,B
13,49,C
74,70,A
84,34,B
37,19,C
54,66,B
70,57,B
94,24,B
30,83,B
43,28,C
92,92,A
18,34,C
85,25,B
78,32,B
66,63,B
60,71,B
36,15,C
19,20,C
95,57,A
48,58,B
90,98,A
77,65,A
85,19,B
18,32,C
98,100,A
61,64,B
16,34,C
21,27,C
35,62,B
70,44,B
94,50,A
21,92,B
43,99,A
34,82,B
73,56,B
74,61,B
35,22,C
100,30,B
87,62,A
41,94,B
33,25,C
100,62,A
31,69,B
43,66,B
37,99,B
36,26,C
23,53,C
93,76,A
25,73,B
53,37,B
37,87,B
56,33,B
11,48,C
40,23,C
94,18,B
38,17,C
71,35,B
87,63,A
21,55,C
85,64,A
92,97,A
88,34,B
16,17,C
32,47,C
71,79,A
63,14,C
57,99,A
30,40,C
63,33,B
85,51,B
12,26,C
97,38,B
17,82,B
12,59,C
18,86,B
22,99,B
28,21,C
71,21,B
38,33,C
73,46,B
38,83,B
66,15,B
40,72,B
26,91,B
74,95,A
76,47,B
53,36,B
95,30,B
77,68,A
75,62,B
92,17,B
40,83,B
61,82,A
68,42,B
80,80,A
44,36,B
55,75,B
46,71,B
77,63,A
56,68,B
46,69,B
77,12,B
33,24,C
72,58,B
78,38,B
48,79,B
25,13,C
51,15,C
11,34,C
90,88,A
50,34,B
100,71,A
67,16,B
44,77,B
65,40,B
78,96,A
81,82,A
78,37,B
21,16,C
94,72,A
86,96,A
99,90,A
62,87,A
40,10,C
18,72,B
62,45,B
65,16,B
42,93,B
61,13,C
33,82,B
27,80,B
14,98,B
84,69,A
62,70,B
39,11,C
23,100,B
80,34,B
61,46,B
62,80,A
95,33,B
27,12,C
91,86,A
89,46,B
19,23,C
47,78,B
85,79,A
37,92,B
42,98,A
98,41,B
53,34,B
81,30,B
81,40,B
44,35,C
58,48,B
12,24,C
12,43,C
51,71,B
57,51,B
99,59,A
34,100,B
34,34,C
46,32,C
49,84,B
46,87,B
27,94,B
67,50,B
66,34,B
24,60,B
39,18,C
39,92,B
11,88,B
22,62,B
77,37,B
61,78,B
70,22,B
99,89,A
96,30,B
94,91,A
44,61,B
19,71,B
61,68,B
76,80,A
44,99,A
63,43,B
42,58,B
92,94,A
38,13,C
24,84,B
67,94,A
78,54,B
95,70,A
93,93,A
97,50,A
38,35,C
34,33,C
71,65,B
11,78,B
77,99,A
33,94,B
25,83,B
59,41,B
72,11,B
28,20,C
90,36,B
77,48,B
54,55,B
15,73,B
39,36,C
34,100,B
70,85,A
79,97,A
71,97,A
90,48,B
77,82,A
46,13,C
47,56,B
48,26,C
46,47,B
61,74,B
91,90,A
68,92,A
88,18,B
18,53,C
44,100,A
47,27,C
81,51,B
84,48,B
48,26,C
46,22,C
78,12,B
58,93,A
86,62,A
44,38,B
19,19,C
77,51,B
13,64,C
83,12,B
92,23,B
94,54,A
33,82,B
34,52,B
69,45,B
68,49,B
80,68,A
18,54,C
68,12,B
51,70,B
62,77,B
68,91,A
88,29,B
88,30,B
77,41,B
49,16,C
81,98,A
28,66,B
11,50,C
90,23,B
67,10,C
27,15,C
58,88,A
30,83,B
65,22,B
21,92,B
63,77,A
65,21,B
76,70,A
60,18,C
73,54,B
47,82,B
59,87,A
79,15,B
38,59,B
41,49,B
59,29,B
86,31,B
17,35,C
84,84,A
47,42,B
28,11,C
26,91,B
37,35,C
55,67,B
24,50,C
95,28,B
34,72,B
43,56,B
61,27,B
22,74,B
97,39,B
16,87,B
75,30,B
17,49,C
25,12,C
39,27,C
96,15,B
13,43,C
51,18,C
32,10,C
64,13,C
62,28,B
17,13,C
61,22,B
47,42,B
77,64,A
81,26,B
68,36,B
11,22,C
87,38,B
73,14,B
57,56,B
20,48,C
53,64,B
66,57,B
84,38,B
76,46,B
72,53,B
16,94,B
22,73,B
30,74,B
50,50,B
42,89,B
29,96,B
22,78,B
74,75,A
13,84,B
78,97,A
36,46,B
39,80,B
78,94,A
97,32,B
57,95,A
58,85,A
20,31,C
30,14,C
85,12,B
50,52,B
52,64,B
39,11,C
32,45,C
75,79,A
59,98,A
74,33,B
88,10,B
81,13,B
36,88,B
86,48,B
78,57,B
65,27,B
15,24,C
39,67,B
96,24,B
58,75,B
13,92,B
78,90,A
35,83,B
92,89,A
32,92,B
70,83,A
75,90,A
44,18,C
21,64,B
73,43,B
56,24,B
40,42,B
36,18,C
14,36,C
56,21,C
40,29,C
83,26,B
68,28,B
95,66,A
23,25,C
77,43,B
57,36,B
57,48,B
32,67,B
89,84,A
78,81,A
10,13,C
69,28,B
97,56,A
24,28,C
80,58,B
42,29,C
99,55,A
49,45,B
95,50,A
95,16,B
80,85,A
80,51,B
76,32,B
82,99,A
53,23,C
54,87,A
26,68,B
86,42,B
81,61,A
18,19,C
91,25,B
23,21,C
18,82,B
65,80,A
93,50,A
30,78,B
44,52,B
52,47,B
87,61,A
10,61,C
60,10,C
50,17,C
89,25,B
54,18,C
100,34,B
55,51,B
78,78,A
24,62,B
30,40,C
88,43,B
61,28,B
89,39,B
30,30,C
71,22,B
36,23,C
84,14,B
37,35,C
90,27,B
73,16,B
13,49,C
48,96,A
15,31,C
96,71,A
91,37,B
24,16,C
60,97,A
94,74,A
59,25,B
93,65,A
30,71,B
29,54,B
66,16,B
78,78,A
77,74,A
17,71,B
87,48,B
13,12,C
85,44,B
60,26,B
84,87,A
85,59,A
49,12,C
43,28,C
29,15,C
46,22,C
58,56,B
30,83,B
25,44,C
68,22,B
57,76,B
10,83,B
73,37,B
94,42,B
61,59,B
21,64,B
91,83,A
83,76,A
97,60,A
97,43,A
75,55,B
13,39,C
72,34,B
97,75,A
81,64,A
30,10,C
92,50,A
97,73,A
27,76,B
66,88,A
12,91,B
27,41,C
84,92,A
18,20,C
45,34,C
39,41,B
43,77,B
39,46,B
29,32,C
64,19,B
70,42,B
16,78,B
20,87,B
57,18,C
100,37,B
90,71,A
43,91,B
36,31,C
15,100,B
51,77,B
60,97,A
89,26,B
34,57,B
30,90,B
73,11,B
74,54,B
21,43,C
46,49,B
84,25,B
26,10,C
25,13,C
78,73,A
58,35,B
46,22,C
19,68,B
17,61,C
43,54,B
67,97,A
85,96,A
33,76,B
42,88,B
20,17,C
30,79,B
37,49,B
38,99,B
44,88,B
95,80,A
67,57,B
82,41,B
27,99,B
93,20,B
81,73,A
72,76,A
48,69,B
87,49,B
32,99,B
83,24,B
22,10,C
71,37,B
53,94,A
95,33,B
57,100,A
40,17,C
78,76,A
92,84,A
28,17,C
18,55,C
43,50,B
51,48,B
42,35,C
37,93,B
64,41,B
31,30,C
90,79,A
36,22,C
83,29,B
67,66,B
84,30,B
59,46,B
78,36,B
41,41,B
54,47,B
62,98,A
27,42,C
69,80,A
88,66,A
35,17,C
63,72,B
67,45,B
65,58,B
23,48,C
31,24,C
58,76,B
43,73,B
89,56,A
36,25,C
51,92,A
30,20,C
90,51,A
95,50,A
24,30,C
31,88,B
64,57,B
61,99,A
68,43,B
74,27,B
52,52,B
51,58,B
83,46,B
67,49,B
24,17,C
27,58,B
72,55,B
75,33,B
47,60,B
20,78,B
33,52,B
41,100,A
57,21,C
68,94,A
77,63,A
90,29,B
77,38,B
99,15,B
92,54,A
76,11,B
75,24,B
13,19,C
67,68,B
60,47,B
46,63,B
81,16,B
28,73,B
41,71,B
55,75,B
13,55,C
95,10,B
62,29,B
19,57,C
50,90,A
36,64,B
42,81,B
75,53,B
11,75,B
10,97,B
59,21,B
15,81,B
25,16,C
42,60,B
27,30,C
41,39,B
93,13,B
13,35,C
28,40,C
11,81,B
18,36,C
58,48,B
66,21,B
91,78,A
35,36,C
84,58,A
23,86,B
19,99,B
90,34,B
72,39,B
79,37,B
50,64,B
62,90,A
57,23,B
24,71,B
79,82,A
48,98,A
14,51,C
65,46,B
66,63,B
25,86,B
60,65,B
30,21,C
86,15,B
31,52,B
65,69,B
97,65,A
92,68,A
29,50,C
47,79,B
30,66,B
55,58,B
92,44,B
38,14,C
61,72,B
43,43,B
71,19,B
28,95,B
42,44,B
79,48,B
37,64,B
98,81,A
16,43,C
47,98,A
87,34,B
70,36,B
48,76,B
83,61,A
24,12,C
77,23,B
32,45,C
59,51,B
41,89,B
90,54,A
50,84,B
45,38,B
19,39,C
59,18,C
36,54,B
43,25,C
62,86,A
10,17,C
25,82,B
87,74,A
76,53,B
67,88,A
100,90,A
44,77,B
58,44,B
23,61,B
47,97,A
33,29,C
32,38,C
21,84,B
60,22,B
14,79,B
52,58,B
57,87,A
38,71,B
23,60,B
87,58,A
27,97,B
38,46,B
70,17,B
51,82,B
10,43,C
34,11,C
41,99,A
82,22,B
92,38,B
30,45,C
83,94,A
92,48,A
94,20,B
70,41,B
96,72,A
50,75,B
43,74,B
10,40,C
23,93,B
96,12,B
23,77,B
71,85,A
40,19,C
39,18,C
16,53,C
99,58,A
99,23,B
10,96,B
90,23,B
56,95,A
64,54,B
83,56,B
20,52,C
37,48,B
69,41,B
49,82,B
64,93,A
31,95,B
48,77,B
90,49,B
39,19,C
42,42,B
97,84,A
79,97,A
87,93,A
19,92,B
49,14,C
34,48,B
10,65,C
98,78,A
10,14,C
52,71,B
33,36,C
81,24,B
91,75,A
43,23,C
46,50,B
89,76,A
19,78,B
88,65,A
25,26,C
23,56,C
76,81,A
39,81,B
86,28,B
15,33,C
47,18,C
70,82,A
49,30,C
37,99,B
57,49,B
76,91,A
95,71,A
99,77,A
60,64,B
95,10,B
56,34,B
91,94,A
76,71,A
75,17,B
88,94,A
87,23,B
37,35,C
99,27,B
99,67,A
17,21,C
23,52,C
58,65,B
82,100,A
48,94,A
92,38,B
55,56,B
66,34,B
23,60,B
14,38,C
38,79,B
17,33,C
92,50,A
51,59,B
25,25,C
78,91,A
72,81,A
76,35,B
84,82,A
75,11,B
73,34,B
59,38,B
55,18,C
54,93,A
26,76,B
14,40,C
96,30,B
30,78,B
87,34,B
12,17,C
38,52,B
16,46,C
13,64,C
70,57,B
90,33,B
10,79,B
55,91,A
51,12,C
96,17,B
79,73,A
84,61,A
34,81,B
95,56,A
13,96,B
37,26,C
59,42,B
67,53,B
34,44,C
25,41,C
98,58,A
100,57,A
22,32,C
97,53,A
87,43,B
18,48,C
69,47,B
28,59,B
36,43,C
91,15,B
71,68,B
24,85,B
97,53,A
17,13,C
48,35,B
13,68,B
48,21,C
56,52,B
16,38,C
50,73,B
75,28,B
13,84,B
66,57,B
100,75,A
52,30,B
30,14,C
96,33,B
54,78,B
94,53,A
76,60,B
19,85,B
19,28,C
63,86,A
49,34,B
31,32,C
24,68,B
25,87,B
22,11,C
24,75,B
78,100,A
55,57,B
24,49,C
13,18,C
18,52,C
19,91,B
44,15,C
64,98,A
82,77,A
94,80,A
10,55,C
27,49,C
82,95,A
25,86,B
40,69,B
42,73,B
34,22,C
43,86,B
26,66,B
43,47,B
53,46,B
46,38,B
48,71,B
59,21,B
27,53,B
97,63,A
60,72,B
55,65,B
14,52,C
54,22,C
93,77,A
10,21,C
38,62,B
64,31,B
78,53,B
40,27,C
79,54,B
74,78,A
33,45,C
16,88,B
58,99,A
17,45,C
16,28,C
79,99,A
83,41,B
22,58,B
15,17,C
83,68,A
80,81,A
51,42,B
86,86,A
91,64,A
67,93,A
80,18,B
58,29,B
61,22,B
94,60,A
56,22,C
71,74,A
99,97,A
15,32,C
66,38,B
91,95,A
22,100,B
71,81,A
91,17,B
23,18,C
85,19,B
84,11,B
48,57,B
81,91,A
76,23,B
57,12,C
78,75,A
95,62,A
21,88,B
75,65,A
97,88,A
42,13,C
98,13,B
80,57,B
94,84,A
42,66,B
100,82,A
80,21,B
94,100,A
92,21,B
24,65,B
60,32,B
44,77,B
11,90,B
81,60,A
51,36,B
80,25,B
80,44,B
76,61,B
54,41,B
36,78,B
27,29,C
16,57,C
14,96,B
12,50,C
34,83,B
34,83,B
59,22,B
11,10,C
99,91,A
66,76,A
60,18,C
81,49,B
98,92,A
95,69,A
12,68,B
94,27,B
76,10,B
21,79,B
46,66,B
75,16,B
87,91,A
97,42,B
13,21,C
68,88,A
70,30,B
50,53,B
63,28,B
86,39,B
76,20,B
63,32,B
98,19,B
59,76,B
30,17,C
82,93,A
34,56,B
11,54,C
10,84,B
41,81,B
62,97,A
66,43,B
86,67,A
92,42,B
67,86,A
29,48,C
74,82,A
96,58,A
73,60,B
33,14,C
74,19,B
11,58,C
44,28,C
27,87,B
51,65,B
63,97,A
19,83,B
87,22,B
30,38,C
72,96,A
21,98,B
25,10,C
52,73,B
49,60,B
97,96,A
87,64,A
73,13,B
15,12,C
41,59,B
58,37,B
69,52,B
32,73,B
36,68,B
70,90,A
54,27,B
79,20,B
75,30,B
46,45,B
88,22,B
11,84,B
48,63,B
54,48,B
85,27,B
33,73,B
91,11,B
72,99,A
58,38,B
99,41,A
68,67,B
62,64,B
62,84,A
85,36,B
29,92,B
34,30,C
50,71,B
61,94,A
51,74,B
68,29,B
91,34,B
97,47,A
29,89,B
40,13,C
31,80,B
70,60,B
76,83,A
31,43,C
57,57,B
93,76,A
91,47,B
74,32,B
66,36,B
98,12,B
99,51,A
58,15,C
96,92,A
21,50,C
23,45,C
62,58,B
80,81,A
99,69,A
26,29,C
29,30,C
68,62,B
60,10,C
27,79,B
58,93,A
28,73,B
25,46,C
68,74,A
73,42,B
21,99,B
72,81,A
27,89,B
61,60,B
58,62,B
91,70,A
80,14,B
60,47,B
23,90,B
55,14,C
84,34,B
12,98,B
91,24,B
90,47,B
45,31,C
75,11,B
40,32,C
94,59,A
45,54,B
78,71,A
27,62,B
38,100,B
50,91,A
82,43,B
25,67,B
14,26,C
90,50,A
96,87,A
45,56,B
97,68,A
56,45,B
32,21,C
75,80,A
78,91,A
15,91,B
94,68,A
35,35,C
11,88,B
34,83,B
71,94,A
80,62,A
68,25,B
54,49,B
73,42,B
53,26,C
67,25,B
46,70,B
22,63,B
30,16,C
47,79,B
66,90,A
70,82,A
13,92,B
92,30,B
78,20,B
13,96,B
64,27,B
56,60,B
14,31,C
13,15,C
60,16,C
91,51,A
36,35,C
51,67,B
52,39,B
16,33,C
12,57,C
71,81,A
100,96,A
89,53,A
58,43,B
63,25,B
97,68,A
65,86,A
97,76,A
52,92,A
31,24,C
45,91,B
71,56,B
41,100,A
26,15,C
89,14,B
56,65,B
10,61,C
40,20,C
37,26,C
97,99,A
81,54,B
48,98,A
62,21,B
11,56,C
59,57,B
52,40,B
21,53,C
36,48,B
38,74,B
97,89,A
70,91,A
65,29,B
78,83,A
89,54,A
32,61,B
13,86,B
16,31,C
36,86,B
15,40,C
10,89,B
63,50,B
59,41,B
46,40,B
60,62,B
94,83,A
56,98,A
46,53,B
71,68,B
97,69,A
26,49,C
21,38,C
21,16,C
66,84,A
54,85,B
78,16,B
72,64,B
77,76,A
63,75,B
78,76,A
13,15,C
30,37,C
81,31,B
99,24,B
16,88,B
11,48,C
44,41,B
57,53,B
33,79,B
87,27,B
31,23,C
66,60,B
59,14,C
21,66,B
64,47,B
12,56,C
35,65,B
56,76,B
98,92,A
33,89,B
57,32,B
94,80,A
40,98,B
50,87,B
69,74,A
68,52,B
77,39,B
90,10,B
42,10,C
15,90,B
82,91,A
57,50,B
88,44,B
93,36,B
59,31,B
87,46,B
97,50,A
43,96,B
68,12,B
63,34,B
49,95,A
62,50,B
24,61,B
30,56,B
62,10,C
11,77,B
83,71,A
11,40,C
42,25,C
63,79,A
32,12,C
32,47,C
35,78,B
76,15,B
86,25,B
18,35,C
72,64,B
12,97,B
58,26,B
75,74,A
59,93,A
29,81,B
20,76,B
46,76,B
93,17,B
24,86,B
32,15,C
86,25,B
54,15,C
97,43,A
99,44,A
84,28,B
75,95,A
59,94,A
82,29,B
92,18,B
90,43,B
50,90,A
14,60,C
38,23,C
74,74,A
79,80,A
16,80,B
99,47,A
68,33,B
11,58,C
98,21,B
12,44,C
67,13,B
20,38,C
57,77,B
99,41,A
18,76,B
59,48,B
75,46,B
48,75,B
48,36,B
74,91,A
95,13,B
18,75,B
60,44,B
13,41,C
100,71,A
99,50,A
78,52,B
47,88,B
75,56,B
17,17,C
34,59,B
77,47,B
25,85,B
82,85,A
14,72,B
68,94,A
24,57,B
36,77,B
63,20,B
37,74,B
53,97,A
44,38,B
90,55,A
48,98,A
68,17,B
65,51,B
17,94,B
90,52,A
34,49,B
38,15,C
52,97,A
23,20,C
74,22,B
26,99,B
90,91,A
21,75,B
11,27,C
31,34,C
68,96,A
79,41,B
73,99,A
52,64,B
63,25,B
52,55,B
73,69,A
91,11,B
20,70,B
49,44,B
100,41,A
99,56,A
27,39,C
81,23,B
81,29,B
79,93,A
98,83,A
37,89,B
17,21,C
87,14,B
14,89,B
53,22,C
28,24,C
76,56,B
48,47,B
58,96,A
40,62,B
37,84,B
40,53,B
38,43,B
25,11,C
97,95,A
61,52,B
81,80,A
31,66,B
29,71,B
18,93,B
97,93,A
67,76,A
15,42,C
51,58,B
50,82,B
41,35,C
30,55,B
86,10,B
38,68,B
80,32,B
36,85,B
17,43,C
17,33,C
43,18,C
86,77,A
67,58,B
31,100,B
30,11,C
68,13,B
86,88,A
16,26,C
36,70,B
77,25,B
10,24,C
89,37,B
80,20,B
72,81,A
86,12,B
82,78,A
47,48,B
63,95,A
81,13,B
51,33,B
77,61,B
28,90,B
40,45,B
50,25,C
46,99,A
55,95,A
16,11,C
73,87,A
36,29,C
68,26,B
27,70,B
52,29,B
29,88,B
13,89,B
14,49,C
34,14,C
12,50,C
44,49,B
94,75,A
45,39,B
90,58,A
19,34,C
27,43,C
24,77,B
100,75,A
15,59,C
97,48,A
28,31,C
42,91,B
78,22,B
41,83,B
59,93,A
32,69,B
72,42,B
33,21,C
87,51,B
69,11,B
58,99,A
17,25,C
29,21,C
35,52,B
83,46,B
66,76,A
24,54,C
65,96,A
12,88,B
59,69,B
54,33,B
11,82,B
43,97,A
54,83,B
97,36,B
32,38,C
71,90,A
11,86,B
17,99,B
51,48,B
65,97,A
47,54,B
76,87,A
66,50,B
42,65,B
59,14,C
64,48,B
35,34,C
79,86,A
88,62,A
14,94,B
97,82,A
70,35,B
86,76,A
34,94,B
47,11,C
81,77,A
14,80,B
39,38,C
99,13,B
63,11,C
46,98,A
81,25,B
67,51,B
23,29,C
35,29,C
36,73,B
96,88,A
94,83,A
45,78,B
84,62,A
40,72,B
94,67,A
89,68,A
55,37,B
57,99,A
49,88,B
23,77,B
75,88,A
80,51,B
44,30,C
37,86,B
47,26,C
89,40,B
99,36,B
27,15,C
18,50,C
92,49,A
38,85,B
65,17,B
51,75,B
10,33,C
27,90,B
91,18,B
13,79,B
15,85,B
56,17,C
62,96,A
81,11,B
98,94,A
17,65,B
87,85,A
29,89,B
76,70,A
49,69,B
78,58,B
55,44,B
49,40,B
38,74,B
16,89,B
54,39,B
36,85,B
28,99,B
71,24,B
41,72,B
70,46,B
87,79,A
10,14,C
48,44,B
24,42,C
63,92,A
36,29,C
90,44,B
19,99,B
34,44,C
80,87,A
40,54,B
19,14,C
45,80,B
95,32,B
83,98,A
26,40,C
83,24,B
19,40,C
83,29,B
54,50,B
65,19,B
40,13,C
20,81,B
74,59,B
95,24,B
60,64,B
14,13,C
65,26,B
92,74,A
24,51,C
15,50,C
23,66,B
79,87,A
92,63,A
22,13,C
42,58,B
47,30,C
31,86,B
71,36,B
11,33,C
18,89,B
76,29,B
40,100,A
80,13,B
85,48,B
43,62,B
16,43,C
51,94,A
22,43,C
86,86,A
59,67,B
18,39,C
27,75,B
33,85,B
27,59,B
86,49,B
93,67,A
59,85,A
66,27,B
65,45,B
16,44,C
36,45,B
19,67,B
71,28,B
31,99,B
59,61,B
31,57,B
27,33,C
12,93,B
55,81,B
25,28,C
66,12,C
16,24,C
64,14,C
59,39,B
82,47,B
17,63,B
68,26,B
33,50,B
50,50,B
22,70,B
84,21,B
53,59,B
16,76,B
62,96,A
10,31,C
65,26,B
78,72,A
21,54,C
94,36,B
57,10,C
58,40,B
48,17,C
14,24,C
48,32,B
33,24,C
88,77,A
97,42,B
84,98,A
49,71,B
60,95,A
55,30,B
12,33,C
40,88,B
10,44,C
92,95,A
65,39,B
17,55,C
58,46,B
57,63,B
17,29,C
92,19,B
47,10,C
38,92,B
42,29,C
32,31,C
39,40,C
17,78,B
66,98,A
73,25,B
43,12,C
14,99,B
64,16,B
60,48,B
79,15,B
35,42,C
14,97,B
93,41,B
96,22,B
55,78,B
54,98,A
93,19,B
74,35,B
20,49,C
65,13,C
90,37,B
80,99,A
19,77,B
45,93,B
55,60,B
70,27,B
72,100,A
63,37,B
49,73,B
32,29,C
99,97,A
44,30,C
79,15,B
34,64,B
55,96,A
27,30,C
43,44,B
44,54,B
70,20,B
39,31,C
15,17,C
47,88,B
43,30,C
61,16,C
59,60,B
76,14,B
96,23,B
99,88,A
74,45,B
15,68,B
89,90,A
86,25,B
45,13,C
25,93,B
67,89,A
89,76,A
50,75,B
92,68,A
61,47,B
55,49,B
58,97,A
52,79,B
15,22,C
53,82,B
88,64,A
37,65,B
13,25,C
23,81,B
65,76,A
75,13,B
13,24,C
74,35,B
75,65,A
66,14,B
49,54,B
68,75,A
64,72,B
57,44,B
58,75,B
26,73,B
95,17,B
45,35,B
99,42,A
36,11,C
56,37,B
98,97,A
58,92,A
76,70,A
23,85,B
58,80,B
88,90,A
17,76,B
32,47,C
78,19,B
23,99,B
79,43,B
39,84,B
76,69,A
98,88,A
69,40,B
49,74,B
20,100,B
91,55,A
34,51,B
57,13,C
80,33,B
95,12,B
69,29,B
57,75,B
13,54,C
57,21,C
46,15,C
47,60,B
85,55,A
44,37,B
76,91,A
93,36,B
72,96,A
45,58,B
64,99,A
32,69,B
61,86,A
81,10,B
64,47,B
74,31,B
16,10,C
65,84,A
76,57,B
72,27,B
13,84,B
87,33,B
39,15,C
38,38,C
86,69,A
30,100,B
37,74,B
42,35,C
17,50,C
46,43,B
61,14,C
27,30,C
30,89,B
44,48,B
61,13,C
49,40,B
27,50,C
36,39,C
43,67,B
28,86,B
83,44,B
71,46,B
29,41,C
44,96,A
73,59,B
84,67,A
62,29,B
78,22,B
14,30,C
30,70,B
25,97,B
82,17,B
17,91,B
20,16,C
42,39,B
48,44,B
27,63,B
97,21,B
98,93,A
54,98,A
68,83,A
68,23,B
92,77,A
58,97,A
98,83,A
89,23,B
36,22,C
64,42,B
37,97,B
94,26,B
85,100,A
14,47,C
34,65,B
78,81,A
30,82,B
21,74,B
75,91,A
10,98,B
35,10,C
79,50,B
85,27,B
42,80,B
53,57,B
66,48,B
90,41,B
43,33,C
98,46,A
23,68,B
42,45,B
35,17,C
78,69,A
90,18,B
30,57,B
62,67,B
57,21,C
54,33,B
40,63,B
68,73,A
11,75,B
27,38,C
79,34,B
95,18,B
68,36,B
93,68,A
99,47,A
66,24,B
10,66,C
20,69,B
90,93,A
60,48,B
71,71,A
80,13,B
27,27,C
19,15,C
82,11,B
16,96,B
90,91,A
53,94,A
71,41,B
44,74,B
87,70,A
16,19,C
44,67,B
66,65,B
39,66,B
81,40,B
13,86,B
85,35,B
37,13,C
90,64,A
69,27,B
32,16,C
46,49,B
54,30,B
71,58,B
54,73,B
99,38,B
63,43,B
66,84,A
97,83,A
52,92,A
43,12,C
96,49,A
42,72,B
34,43,C
29,60,B
76,63,B
21,16,C
54,90,A
36,93,B
51,26,C
72,39,B
88,74,A
85,97,A
32,29,C
29,57,B
68,10,C
31,50,B
84,24,B
48,91,B
11,47,C
57,16,C
38,61,B
61,87,A
14,87,B
16,82,B
43,45,B
35,79,B
34,72,B
17,45,C
89,88,A
93,23,B
85,36,B
15,17,C
86,13,B
47,66,B
58,16,C
49,24,C
89,34,B
81,59,A
45,67,B
42,19,C
51,12,C
31,68,B
14,10,C
33,29,C
60,66,B
51,49,B
44,50,B
22,86,B
60,25,B
46,10,C
47,32,C
77,22,B
76,24,B
69,94,A
66,25,B
11,47,C
15,43,C
79,62,A
85,17,B
92,75,A
46,93,B
96,87,A
99,72,A
81,75,A
76,28,B
38,89,B
55,24,C
94,88,A
61,80,A
22,95,B
67,25,B
77,52,B
17,49,C
73,16,B
87,56,A
62,72,B
73,78,A
99,27,B
64,84,A
51,98,A
89,98,A
100,15,B
90,36,B
27,54,B
81,96,A
85,67,A
16,72,B
27,68,B
31,95,B
50,48,B
43,72,B
12,92,B
69,40,B
74,68,A
39,14,C
95,50,A
23,44,C
22,91,B
11,52,C
65,16,B
99,84,A
15,16,C
35,23,C
87,33,B
71,95,A
90,76,A
81,97,A
85,57,A
29,99,B
48,42,B
92,49,A
61,77,B
89,20,B
25,95,B
11,83,B
60,79,B
67,97,A
34,35,C
32,38,C
82,89,A
61,52,B
85,36,B
13,49,C
76,10,B
16,33,C
19,91,B
15,21,C
17,48,C
71,11,B
64,79,A
83,65,A
58,39,B
58,57,B
13,69,B
80,92,A
65,21,B
30,44,C
31,37,C
22,72,B
60,70,B
43,66,B
63,41,B
77,23,B
22,82,B
13,67,B
18,44,C
31,61,B
36,28,C
81,77,A
27,83,B
26,56,B
66,32,B
29,50,C
89,28,B
46,18,C
84,49,B
81,21,B
93,13,B
49,93,A
70,33,B
16,90,B
41,59,B
90,19,B
47,65,B
25,93,B
80,62,A
22,100,B
62,64,B
92,86,A
23,86,B
37,80,B
66,42,B
42,45,B
31,81,B
78,28,B
26,84,B
35,60,B
100,68,A
94,52,A
93,50,A
94,21,B
43,80,B
80,63,A
13,69,B
98,75,A
89,88,A
54,24,C
95,97,A
73,96,A
55,71,B
66,34,B
68,12,B
91,77,A
61,38,B
11,36,C
85,72,A
21,33,C
20,28,C
15,86,B
55,75,B
19,67,B
91,30,B
70,87,A
36,22,C
45,23,C
54,93,A
93,78,A
47,30,C
69,17,B
92,22,B
70,57,B
100,55,A
36,68,B
52,84,B
75,51,B
70,54,B
31,99,B
33,52,B
58,27,B
40,15,C
61,100,A
64,24,B
84,70,A
35,67,B
56,70,B
84,82,A
52,21,C
26,28,C
40,69,B
32,96,B
62,12,C
78,29,B
87,47,B
13,18,C
24,24,C
87,91,A
67,69,B
62,80,A
96,76,A
71,90,A
85,29,B
75,28,B
61,60,B
32,73,B
98,15,B
17,19,C
92,37,B
28,41,C
97,26,B
54,58,B
99,94,A
59,86,A
34,59,B
73,69,A
58,49,B
68,30,B
90,39,B
84,51,B
86,15,B
57,71,B
78,21,B
43,79,B
70,46,B
99,100,A
19,37,C
69,99,A
78,98,A
60,88,A
60,55,B
56,92,A
90,24,B
29,95,B
100,59,A
62,11,C
51,76,B
75,37,B
12,17,C
84,95,A
74,91,A
96,79,A
32,93,B
51,45,B
99,14,B
48,71,B
95,30,B
86,89,A
26,34,C
67,51,B
82,16,B
55,55,B
37,56,B
82,95,A
45,72,B
28,37,C
12,26,C
54,26,B
94,70,A
92,43,B
94,34,B
97,90,A
87,43,B
25,60,B
66,63,B
28,76,B
44,90,B
43,24,C
32,95,B
32,93,B
81,40,B
43,63,B
18,97,B
98,14,B
54,77,B
18,40,C
27,64,B
77,36,B
78,45,B
97,25,B
92,16,B
69,75,A
69,52,B
18,75,B
49,37,B
76,58,B
83,74,A
15,81,B
22,64,B
45,22,C
67,10,C
52,46,B
76,87,A
91,56,A
76,70,A
78,41,B
48,39,B
90,81,A
46,38,B
90,54,A
80,89,A
30,12,C
21,13,C
75,72,A
75,55,B
71,80,A
78,40,B
